Country,Code,Trend,2000,2001,2002,2003,2004,2005,2006,2007,2008,2009,2010,2011,2012,2013,2014,2015,2016,2017,2018,2019,2020,2021,2022,2023,2024,2025,2026,2027,2028,2029,2030
Aruba,ABW,0,0,0,0,0,0,0,0,0,0,0,0,0,0,0,0,0,0,0,0,0,0,0,0,0,0,0,0,0,0,0,0
Africa Eastern and Southern,AFE,0.026120542,2.91985E+11,3.01825E+11,3.04445E+11,3.18214E+11,3.3429E+11,3.3916E+11,3.45576E+11,3.61382E+11,3.832E+11,3.8665E+11,3.91636E+11,3.99252E+11,3.98962E+11,4.08262E+11,4.18926E+11,4.29869E+11,4.41097E+11,4.52619E+11,4.64441E+11,4.76573E+11,4.89021E+11,5.01795E+11,5.14902E+11,5.28351E+11,5.42152E+11,5.56314E+11,5.70845E+11,5.85756E+11,6.01056E+11,6.16756E+11,6.32866E+11
Afghanistan,AFG,0,0,0,0,0,0,0,0,0,0,0,0,0,0,0,0,0,0,0,0,0,0,0,0,0,0,0,0,0,0,0,0
Africa Western and Central,AFW,0.037596798,1.46482E+11,1.52561E+11,1.57909E+11,1.65108E+11,1.71902E+11,1.78788E+11,1.81697E+11,1.88343E+11,1.94396E+11,1.95013E+11,2.09207E+11,2.1978E+11,2.31121E+11,2.36677E+11,2.45575E+11,2.54808E+11,2.64388E+11,2.74328E+11,2.84642E+11,2.95344E+11,3.06448E+11,3.17969E+11,3.29924E+11,3.42328E+11,3.55198E+11,3.68553E+11,3.82409E+11,3.96787E+11,4.11704E+11,4.27183E+11,4.43244E+11
Angola,AGO,0.051932176,7190235000,7506610000,7853284000,8474402000,8718933000,8425876000,9244657000,9860938000,10673788000,11599743000,12167725000,12637873000,13868708000,13886209000,14607350054,15365941533,16163928318,17003356294,17886377591,18815256106,19792373304,20820234324,21901474404,23038865635,24235324067,25493917190,26817871793,28210582240,29675619171,31216738658,32837891835
Albania,ALB,0.020009307,1793164000,1827735000,2013813000,1970183000,2165516000,2167019000,2115310000,2019201000,2094799000,2143871000,2124042000,2222383000,1995175000,2319924000,2366344071,2413692975,2461989298,2511251997,2561500409,2612754256,2665033657,2718359133,2772751615,2828232452,2884823423,2942546739,3001425060,3061481494,3122739617,3185223471,3248957585
Andorra,AND,0,0,0,0,0,0,0,0,0,0,0,0,0,0,0,0,0,0,0,0,0,0,0,0,0,0,0,0,0,0,0,0
Arab World,ARB,0.049574227,3.6584E+11,3.93082E+11,4.12393E+11,4.18876E+11,4.43284E+11,4.70894E+11,5.03834E+11,5.26355E+11,5.67861E+11,5.97744E+11,6.33479E+11,6.35785E+11,6.87369E+11,6.86218E+11,7.20237E+11,7.55942E+11,7.93417E+11,8.3275E+11,8.74033E+11,9.17362E+11,9.6284E+11,1.01057E+12,1.06067E+12,1.11325E+12,1.16844E+12,1.22637E+12,1.28716E+12,1.35097E+12,1.41794E+12,1.48824E+12,1.56202E+12
United Arab Emirates,ARE,0.06323168,31522192000,40202096000,39875397000,39230769000,41852650000,44497927000,46197852000,50139976000,59318812000,59953147000,61690035000,64336008000,68390052000,69948631000,74371600460,79074241711,84074238869,89390394248,95042699063,1.01052E+11,1.07442E+11,1.14236E+11,1.21459E+11,1.29139E+11,1.37305E+11,1.45987E+11,1.55218E+11,1.65033E+11,1.75468E+11,1.86563E+11,1.9836E+11
Argentina,ARG,0.02327052,61556765000,58556216000,56911243000,60894485000,66522365000,66922044000,72805781000,73748985000,77660980000,75514053000,78666746000,80544535000,80829147000,83014088000,84945869007,86922603564,88945337761,91015142036,93133111732,95300367685,97518056812,99787352718,1.02109E+11,1.04486E+11,1.06917E+11,1.09405E+11,1.11951E+11,1.14556E+11,1.17222E+11,1.1995E+11,1.22741E+11
Armenia,ARM,0.028428479,2014600000,2005745000,1876378000,1981217000,2094755000,2512308000,2558590000,2852846000,3004069000,2609970000,2483201000,2715568000,2970593000,2900361000,2982813851,3067610711,3154818217,3244504899,3336741238,3431599715,3529154874,3629483378,3732664069,3838778030,3947908650,4060141687,4175565338,4294270308,4416349880,4541899989,4671019296
American Samoa,ASM,0,0,0,0,0,0,0,0,0,0,0,0,0,0,0,0,0,0,0,0,0,0,0,0,0,0,0,0,0,0,0,0
Antigua and Barbuda,ATG,0,0,0,0,0,135000000,137000000,143000000,146000000,0,0,0,0,0,0,0,0,0,0,0,0,0,0,0,0,0,0,0,0,0,0,0
Australia,AUS,0.012147821,1.08101E+11,1.05742E+11,1.09451E+11,1.10793E+11,1.12675E+11,1.13478E+11,1.18171E+11,1.22224E+11,1.26744E+11,1.27169E+11,1.27632E+11,1.28349E+11,1.26746E+11,1.26474E+11,1.2801E+11,1.29565E+11,1.31139E+11,1.32732E+11,1.34344E+11,1.35976E+11,1.37628E+11,1.393E+11,1.40992E+11,1.42705E+11,1.44439E+11,1.46193E+11,1.47969E+11,1.49767E+11,1.51586E+11,1.53427E+11,1.55291E+11
Austria,AUT,0.011601074,28605287000,30226617000,30498491000,32271484000,32749725000,33615352000,33726234000,33344458000,33553507000,31689202000,33881789000,32911189000,32765417000,33232803000,33618339212,34008348058,34402881426,34801991804,35205732292,35614156602,36027319074,36445274674,36868079008,37295788326,37728459532,38166150189,38608918527,39056823454,39509924559,39968282124,40431957128
Azerbaijan,AZE,0.015976889,11295673000,11444623000,11559453000,12158397000,12785615000,13426630000,13232239000,12112997000,13323119000,11937109000,11585494000,12561169000,13691736000,13880397000,14102162563,14327471250,14556379669,14788945332,15025226671,15265283051,15509174785,15756963150,16008710402,16264479792,16524335582,16788343058,17056568553,17329079457,17605944237,17887232455,18173014784
Burundi,BDI,0,0,0,0,0,0,0,0,0,0,0,0,0,0,0,0,0,0,0,0,0,0,0,0,0,0,0,0,0,0,0,0
Belgium,BEL,-0.003168991,58118008000,57956752000,55701148000,58002853000,58285302000,58215170000,57702518000,56708970000,58419338000,56104861000,60355796000,56210330000,53818509000,55768727000,55591996396,55415825849,55240213585,55065157835,54890656835,54716708828,54543312060,54370464784,54198165261,54026411752,53855202530,53684535868,53514410047,53344823353,53175774078,53007260518,52839280977
Benin,BEN,0.056768887,1982670000,2108546000,2261862000,2385508000,2490505000,2499285000,2949032000,3206292000,3277517000,3438767000,3653360000,3753785000,3888552000,4064346000,4295074397,4538900988,4796569343,5068865243,5356619079,5660708380,5982060491,6321655404,6680528743,7059774921,7460550482,7884077625,8331647933,8804626309,9304455141,9832658699,10390847784
Burkina Faso,BFA,0,0,0,0,0,0,0,0,0,0,0,0,0,0,0,0,0,0,0,0,0,0,0,0,0,0,0,0,0,0,0,0
Bangladesh,BGD,0.048787915,18261943000,19976430000,20453643000,21552503000,21951405000,22793861000,24422026000,25514957000,26780272000,28174155000,30512867000,31654605000,33217133000,33922414000,35577417850,37313165887,39133597452,41042844077,43045238864,45145326318,47347872660,49657876645,52080580909,54621483862,57286352172,60081233851,63012471980,66086719105,69310952338,72692489187,76239004169
Bulgaria,BGR,-0.007276054,18606488000,19391297000,18895155000,19363804000,18834526000,19897214000,20457850000,20116712000,19846798000,17506762000,17872973000,19231514000,18362271000,16921345000,16798224383,16675999598,16554664127,16434211500,16314635293,16195929128,16078086676,15961101652,15844967817,15729678978,15615228987,15501611741,15388821179,15276851288,15165696096,15055349675,14945806140
Bahrain,BHR,0.042585717,7967872000,8187932000,8489893000,9006961000,9041163000,10381398000,11121675000,11637429000,12615794000,12252727000,12666535000,12669942000,12556935000,13702360000,14285884830,14894259484,15528542209,16189836319,16879292113,17598108877,18347536968,19128879992,19943497069,20792805199,21678281725,22601466904,23563966586,24567455007,25613677703,26704454543,27841682897
"Bahamas, The",BHS,0,0,0,0,0,664000000,696000000,706000000,709000000,0,0,0,0,0,0,0,0,0,0,0,0,0,0,0,0,0,0,0,0,0,0,0
Bosnia and Herzegovina,BIH,0.030882016,4346230000,4200126000,4406245000,4399009000,4809158000,5039977000,5300045000,5304086000,5961538000,6217470000,6481327000,7145552000,6684027000,6454004000,6653316657,6858784491,7070597586,7288951896,7514049428,7746098425,7985313563,8231916148,8486134317,8748203255,9018365411,9296870720,9583976833,9879949363,10185062120,10499597375,10823846113
Belarus,BLR,0.008058037,24573902000,24678055000,25158221000,25899543000,26784747000,26757656000,28482230000,27897972000,27937036000,26525180000,27523092000,29344634000,30498855000,27276340000,27496133751,27717698609,27941048844,28166198843,28393163110,28621956263,28852593040,29085088296,29319457008,29555714271,29793875304,30033955447,30275970165,30519935047,30765865806,31013778285,31263688451
Belize,BLZ,0,0,0,0,0,155000000,161000000,172000000,178000000,0,0,0,0,0,0,0,0,0,0,0,0,0,0,0,0,0,0,0,0,0,0,0
Bermuda,BMU,0,0,0,0,0,0,0,0,0,0,0,0,0,0,0,0,0,0,0,0,0,0,0,0,0,0,0,0,0,0,0,0
Bolivia,BOL,0.036356777,4905114000,3816509000,4575334000,4756766000,4762569000,5194369000,6501227000,5296802000,5633394000,5868019000,6392293000,6750673000,7761144000,7803149000,8086846351,8380858024,8685559014,9001337950,9328597590,9667755336,10019243765,10383511180,10761022185,11152258273,11557718445,11977919842,12413398407,12864709570,13332428953,13817153104,14319500264
Brazil,BRA,0.035156966,1.87442E+11,1.90712E+11,1.95759E+11,1.98977E+11,2.10042E+11,2.15332E+11,2.22817E+11,2.3546E+11,2.4858E+11,2.40454E+11,2.65877E+11,2.7004E+11,2.81739E+11,2.93729E+11,3.04056E+11,3.14745E+11,3.25811E+11,3.37265E+11,3.49122E+11,3.61396E+11,3.74102E+11,3.87254E+11,4.00869E+11,4.14962E+11,4.29551E+11,4.44653E+11,4.60286E+11,4.76468E+11,4.93219E+11,5.10559E+11,5.28509E+11
Barbados,BRB,0,0,0,0,0,375000000,390000000,398000000,401000000,0,0,0,0,0,0,0,0,0,0,0,0,0,0,0,0,0,0,0,0,0,0,0
Brunei Darussalam,BRN,0.018913181,2384506000,2207747000,2157386000,2504935000,2296710000,2217910000,3151521000,3227236000,3542670000,3042806000,3240334000,3872885000,3830046000,3042158000,3099694885,3158319976,3218053854,3278917489,3340932250,3404119906,3468502643,3534103061,3600944193,3669049503,3738442900,3809148748,3881191868,3954597553,4029391573,4105600185,4183250145
Bhutan,BTN,0,0,0,0,0,180000000,204000000,211000000,244000000,0,0,0,0,0,0,0,0,0,0,0,0,0,0,0,0,0,0,0,0,0,0,0
Botswana,BWA,0.025223799,1795319000,1816360000,1845057000,1839107000,1808574000,1866401000,1928886000,1993468000,2109591000,1967748000,2153847000,2069272000,2346787000,2481901000,2544503971,2608686027,2674486999,2741947720,2811110058,2882016932,2954712347,3029241417,3105650393,3183986693,3264298932,3346636952,3431051849,3517596010,3606323144,3697288313,3790547969
Central African Republic,CAF,0,0,0,0,0,0,0,0,0,0,0,0,0,0,0,0,0,0,0,0,0,0,0,0,0,0,0,0,0,0,0,0
Canada,CAN,0.005303335,2.5362E+11,2.49915E+11,2.50689E+11,2.63954E+11,2.70076E+11,2.71558E+11,2.68385E+11,2.7013E+11,2.72456E+11,2.62209E+11,2.64849E+11,2.71677E+11,2.68459E+11,2.71673E+11,2.73114E+11,2.74562E+11,2.76018E+11,2.77482E+11,2.78953E+11,2.80433E+11,2.8192E+11,2.83415E+11,2.84918E+11,2.86429E+11,2.87948E+11,2.89475E+11,2.91011E+11,2.92554E+11,2.94105E+11,2.95665E+11,2.97233E+11
Central Europe and the Baltics,CEB,0.000824361,2.57723E+11,2.64516E+11,2.6573E+11,2.74129E+11,2.7428E+11,2.77573E+11,2.84624E+11,2.84181E+11,2.84182E+11,2.64868E+11,2.75149E+11,2.74786E+11,2.66709E+11,2.60499E+11,2.60714E+11,2.60928E+11,2.61144E+11,2.61359E+11,2.61574E+11,2.6179E+11,2.62006E+11,2.62222E+11,2.62438E+11,2.62654E+11,2.62871E+11,2.63087E+11,2.63304E+11,2.63521E+11,2.63739E+11,2.63956E+11,2.64174E+11
Switzerland,CHE,0.005138022,25005440000,26557369000,25888120000,25995223000,26089650000,25942281000,27085492000,25755500000,26765264000,26962880000,26194809000,25361833000,25612621000,26728133000,26865462743,27003498089,27142242664,27281700111,27421874095,27562768295,27704386412,27846732167,27989809297,28133621561,28278172736,28423466617,28569507022,28716297786,28863842763,29012145831,29161210882
Channel Islands,CHI,0,0,0,0,0,0,0,0,0,0,0,0,0,0,0,0,0,0,0,0,0,0,0,0,0,0,0,0,0,0,0,0
Chile,CHL,0.033640654,25167755000,24697393000,25567551000,25833345000,27511470000,28363902000,29523496000,30622273000,30328961000,29522600000,30847626000,33609581000,37207151000,38694483000,39996190732,41341688765,42732450232,44169997825,45655905460,47191800000,48779363037,50420332735,52116505726,53869739088,55681952367,57555129686,59491321917,61492648922,63561301877,65699545671,67909721385
China,CHN,0.077761953,1.1351E+12,1.18131E+12,1.26095E+12,1.44099E+12,1.6436E+12,1.81698E+12,1.98642E+12,2.14838E+12,2.21602E+12,2.36756E+12,2.61484E+12,2.80451E+12,2.91097E+12,3.00491E+12,3.23858E+12,3.49042E+12,3.76184E+12,4.05437E+12,4.36964E+12,4.70944E+12,5.07565E+12,5.47034E+12,5.89573E+12,6.35419E+12,6.84831E+12,7.38084E+12,7.95479E+12,8.57337E+12,9.24006E+12,9.95858E+12,1.0733E+13
Cote d'Ivoire,CIV,0.054465681,6789935000,6530069000,6979756000,6598366000,9299016000,9618429000,9458555000,10180427000,10232311000,9376910000,10162836000,11651264000,12632567000,13529678000,14266581123,15043620177,15862981192,16726969262,17638015031,18598681528,19611671380,20679834413,21806175674,22993863878,24246240328,25566828315,26959343025,28427701997,29976036141,31608701357,33330290796
Cameroon,CMR,0.011026074,6309658000,6384145000,6535372000,6800967000,7012842000,7054543000,6723031000,6339716000,6395196000,6914018000,6966800000,6714275000,6924247000,7276398000,7356628099,7437742822,7519751921,7602665259,7686492805,7771244640,7856930955,7943562053,8031148352,8119700385,8209228798,8299744358,8391257950,8483780577,8577323366,8671897564,8767514544
"Congo, Dem. Rep.",COD,0.053802986,13906781000,14373740000,14873161000,15427830000,16042881000,16663462000,17294602000,17924046000,18585805000,19143545000,19848217000,21079045000,26153139000,27485215000,28964001639,30522351414,32164545061,33895093629,35718750878,37640526333,39665699045,41799832097,44048787879,46418744198,48916211243,51548049474,54321488459,57244146744,60324052771,63569666940,66989904842
"Congo, Rep.",COG,0.105832784,709872000,795746000,801560000,945942000,1004478000,1086782000,1418561000,1259946000,1348222000,1539477000,1676874000,2232743000,2558911000,2625083000,2902902842,3210125131,3549861610,3925553346,4341005585,4800426291,5308468769,5870278796,6491546743,7178565206,7938292746,8778424366,9707469455,10734837971,11870935758,13127269936,14516565458
Colombia,COL,0.020612441,25813516000,25707400000,25204019000,25733648000,25998730000,27083711000,28465874000,28289315000,29617595000,30703349000,31202744000,31251693000,31545056000,33654126000,34347819687,35055812093,35778397952,36515878069,37268559451,38036755434,38820785811,39620976968,40437662018,41271180941,42121880723,42990115504,43876246724,44780643271,45703681638,46645746079,47607228768
Comoros,COM,0,0,0,0,0,34000000,37000000,42000000,41000000,0,0,0,0,0,0,0,0,0,0,0,0,0,0,0,0,0,0,0,0,0,0,0
Cabo Verde,CPV,0,0,0,0,0,89000000,99000000,102000000,103000000,0,0,0,0,0,0,0,0,0,0,0,0,0,0,0,0,0,0,0,0,0,0,0
Costa Rica,CRI,0.040967798,2873584000,2890753000,3041212000,3264158000,3867006000,3865731000,4182706000,4508452000,4585856000,4560904000,4646097000,4654994000,4732338000,4842936000,5041340422,5247873037,5462866838,5686668462,5919638745,6162153308,6414603158,6677395323,6950953503,7235718761,7532150223,7840725830,8161943100,8496319934,8844395450,9206730854,9583910341
Caribbean small states,CSS,0.038655096,21178636129,22969224635,23729363240,26110643478,20530256000,22729746000,25053431000,26217489000,33833203379,33425078478,35043815457,34824710068,34100360900,34675730388,36016124059,37408330776,38854353377,40356272119,41916247674,43536524233,45219432737,46967394230,48782923342,50668631905,52627232713,54661543422,56774490606,58969113965,61248570700,63616140053,66075228025
Cuba,CUB,-0.007613107,12737367000,12444863000,11596316000,11538780000,11277777000,10669620000,10652874000,10141036000,10767360000,11413692000,12342834000,11605453000,11992681000,11532751000,11444950927,11357819286,11271350988,11185540981,11100384256,11015875838,10932010791,10848784219,10766191259,10684227088,10602886919,10522166001,10442059621,10362563099,10283671793,10205381094,10127686431
Curacao,CUW,-0.011776406,2104294000,2193042000,2152942000,2053200000,2171337000,2089487000,2059421000,2336942000,2235828000,2291842000,2038730000,2422957000,2037275000,1803949000,1782704963,1761711105,1740964479,1720462174,1700201312,1680179050,1660392579,1640839121,1621515933,1602420302,1583549549,1564901026,1546472116,1528260232,1510262818,1492477349,1474901329
Cayman Islands,CYM,0,0,0,0,0,0,0,0,0,0,0,0,0,0,0,0,0,0,0,0,0,0,0,0,0,0,0,0,0,0,0,0
Cyprus,CYP,-0.007778496,2136936000,2114235000,2143148000,2331693000,2184136000,2219333000,2308405000,2438269000,2583410000,2525367000,2442559000,2368062000,2226747000,1930651000,1915633440,1900732694,1885947853,1871278016,1856722288,1842279782,1827949617,1813730919,1799622822,1785624464,1771734992,1757953559,1744279325,1730711456,1717249125,1703891510,1690637798
Czech Republic,CZE,0.001959734,40897586000,42002021000,42454351000,44421087000,45481721000,44938317000,45988207000,46025054000,44972732000,42138603000,44389468000,42796288000,42611616000,41951855000,42034069480,42116445078,42198982111,42281680894,42364541745,42447564981,42530750921,42614099883,42697612186,42781288152,42865128100,42949132352,43033301231,43117635057,43202134156,43286798851,43371629465
Germany,DEU,-0.004429154,3.36579E+11,3.46676E+11,3.38896E+11,3.37111E+11,3.39504E+11,3.37012E+11,3.46365E+11,3.27898E+11,3.31465E+11,3.10451E+11,3.26869E+11,3.10649E+11,3.11807E+11,3.17706E+11,3.16299E+11,3.14898E+11,3.13503E+11,3.12114E+11,3.10732E+11,3.09356E+11,3.07985E+11,3.06621E+11,3.05263E+11,3.03911E+11,3.02565E+11,3.01225E+11,2.99891E+11,2.98563E+11,2.9724E+11,2.95924E+11,2.94613E+11
Djibouti,DJI,0,0,0,0,0,133000000,139000000,143000000,143000000,0,0,0,0,0,0,0,0,0,0,0,0,0,0,0,0,0,0,0,0,0,0,0
Dominica,DMA,0,0,0,0,0,39000000,41000000,42000000,43000000,0,0,0,0,0,0,0,0,0,0,0,0,0,0,0,0,0,0,0,0,0,0,0
Denmark,DNK,-0.004602703,18633203000,19205641000,19004443000,20095166000,19441004000,18900984000,20271080000,19784588000,19235990000,18387549000,19476788000,17993995000,17286801000,17548559000,17467788203,17387389170,17307360190,17227699559,17148405583,17069476573,16990910850,16912706742,16834862584,16757376719,16680247499,16603473282,16527052433,16450983327,16375264344,16299893874,16224870311
Dominican Republic,DOM,0.004297291,7219684000,7001892000,7430349000,7032647000,6360551000,6914750000,7158921000,7281041000,7301392000,7165218000,7530092000,7668732000,8097573000,7633575000,7666378695,7699323358,7732409593,7765638010,7799009219,7832523833,7866182470,7899985747,7933934287,7968028714,8002269655,8036657739,8071193598,8105877868,8140711187,8175694194,8210827534
Algeria,DZA,0.04456176,26994633000,27049604000,28933910000,30749622000,31131699000,32418908000,34714795000,36838270000,37273084000,40763429000,40086693000,41817609000,45965262000,47579626000,49699857869,51914571001,54227975648,56644469677,59168646934,61805305970,64559459174,67436342292,70441424384,73580418222,76859291151,80284276427,83861885075,87598918261,91502480222,95579991774,99839204416
East Asia & Pacific (excluding high income),EAP,0.068476835,1.53086E+12,1.58596E+12,1.68567E+12,1.88184E+12,2.11087E+12,2.3002E+12,2.4791E+12,2.65294E+12,2.74062E+12,2.90801E+12,3.18704E+12,3.37005E+12,3.50138E+12,3.62146E+12,3.86944E+12,4.13441E+12,4.41752E+12,4.72002E+12,5.04323E+12,5.38857E+12,5.75757E+12,6.15183E+12,6.57308E+12,7.02319E+12,7.50411E+12,8.01797E+12,8.56702E+12,9.15366E+12,9.78047E+12,1.04502E+13,1.11658E+13
Early-demographic dividend,EAR,0.033623459,1.7456E+12,1.78119E+12,1.83444E+12,1.88562E+12,1.97842E+12,2.05838E+12,2.15659E+12,2.23378E+12,2.33118E+12,2.4162E+12,2.50606E+12,2.54621E+12,2.659E+12,2.68322E+12,2.77344E+12,2.86669E+12,2.96308E+12,3.06271E+12,3.16569E+12,3.27213E+12,3.38215E+12,3.49587E+12,3.61341E+12,3.73491E+12,3.86049E+12,3.99029E+12,4.12446E+12,4.26314E+12,4.40648E+12,4.55464E+12,4.70778E+12
East Asia & Pacific,EAS,0.049182576,2.4883E+12,2.54274E+12,2.65612E+12,2.86207E+12,3.12319E+12,3.30484E+12,3.49644E+12,3.68349E+12,3.76102E+12,3.9018E+12,4.24305E+12,4.40049E+12,4.52027E+12,4.64479E+12,4.87324E+12,5.11292E+12,5.36438E+12,5.62822E+12,5.90503E+12,6.19545E+12,6.50016E+12,6.81985E+12,7.15527E+12,7.50719E+12,7.87641E+12,8.26379E+12,8.67023E+12,9.09665E+12,9.54405E+12,1.00134E+13,1.05059E+13
Europe & Central Asia (excluding high income),ECA,0.012747764,1.0591E+12,1.06258E+12,1.07602E+12,1.1194E+12,1.1338E+12,1.13747E+12,1.17697E+12,1.19333E+12,1.21119E+12,1.12142E+12,1.19932E+12,1.25577E+12,1.27215E+12,1.24868E+12,1.2646E+12,1.28072E+12,1.29705E+12,1.31358E+12,1.33033E+12,1.34729E+12,1.36446E+12,1.38186E+12,1.39947E+12,1.41731E+12,1.43538E+12,1.45368E+12,1.47221E+12,1.49098E+12,1.50998E+12,1.52923E+12,1.54873E+12
Europe & Central Asia,ECS,0.003760483,2.75483E+12,2.7991E+12,2.80669E+12,2.88708E+12,2.92075E+12,2.92918E+12,2.97608E+12,2.96222E+12,2.97924E+12,2.79411E+12,2.93823E+12,2.91914E+12,2.92607E+12,2.89259E+12,2.90347E+12,2.91438E+12,2.92534E+12,2.93634E+12,2.94739E+12,2.95847E+12,2.9696E+12,2.98076E+12,2.99197E+12,3.00322E+12,3.01452E+12,3.02585E+12,3.03723E+12,3.04865E+12,3.06012E+12,3.07162E+12,3.08318E+12
Ecuador,ECU,0.031880028,8815723000,9355007000,9129465000,9265240000,8947948000,9337521000,9379069000,10610748000,9775034000,11643464000,11769495000,12463162000,12304120000,13256767000,13679393102,14115492535,14565494831,15029843212,15508995033,16003422227,16513611774,17040066178,17583303962,18143860183,18722286952,19319153982,19935049149,20570579072,21226369707,21903066965,22601337350
"Egypt, Arab Rep.",EGY,0.048390125,40587754000,45581104000,47019358000,48811699000,52762061000,61476132000,64957293000,69578827000,72277329000,73953443000,72543713000,76132148000,78262823000,75022754000,78653114478,82459148556,86449357100,90632652336,95018377753,99616328973,1.04437E+11,1.0949E+11,1.14789E+11,1.20343E+11,1.26167E+11,1.32272E+11,1.38673E+11,1.45383E+11,1.52418E+11,1.59794E+11,1.67526E+11
Euro area,EMU,-0.002592276,1.18794E+12,1.21963E+12,1.22029E+12,1.24602E+12,1.26419E+12,1.26732E+12,1.27066E+12,1.24981E+12,1.2471E+12,1.17768E+12,1.21922E+12,1.16939E+12,1.15828E+12,1.14853E+12,1.14555E+12,1.14258E+12,1.13962E+12,1.13666E+12,1.13372E+12,1.13078E+12,1.12785E+12,1.12492E+12,1.12201E+12,1.1191E+12,1.1162E+12,1.1133E+12,1.11042E+12,1.10754E+12,1.10467E+12,1.10181E+12,1.09895E+12
Eritrea,ERI,-1,707891000,741727000,748424000,801484000,743570000,761958000,694156000,716905000,674450000,721803000,740803000,759603000,0,0,0,0,0,0,0,0,0,0,0,0,0,0,0,0,0,0,0
Spain,ESP,-0.003048391,1.21856E+11,1.25038E+11,1.28764E+11,1.33196E+11,1.39003E+11,1.41934E+11,1.41809E+11,1.43823E+11,1.39073E+11,1.27855E+11,1.27755E+11,1.25723E+11,1.25509E+11,1.17114E+11,1.16757E+11,1.16402E+11,1.16047E+11,1.15693E+11,1.1534E+11,1.14989E+11,1.14638E+11,1.14289E+11,1.1394E+11,1.13593E+11,1.13247E+11,1.12901E+11,1.12557E+11,1.12214E+11,1.11872E+11,1.11531E+11,1.11191E+11
Estonia,EST,0.019933935,4714417000,4916026000,4711557000,5206047000,5304946000,5210997000,5084255000,5689374000,5489313000,4869617000,5622469000,5625327000,5521446000,6093468000,6214934792,6338822896,6465180577,6594057064,6725502566,6859568294,6996306479,7135770395,7278014375,7423093838,7571065304,7721986425,7875915997,8032913991,8193041573,8356361128,8522936284
Ethiopia,ETH,0.030692849,31688122000,32880473000,33856788000,34933791000,35978680000,36868071000,37984090000,39175220000,40360379000,41486067000,42653520000,44094258000,45361471000,46943657000,48384491574,49869549466,51400188016,52977806224,54603846029,56279793628,58007180834,59787586474,61622637836,63514012152,65463438134,67472697553,69543626869,71678118905,73878124582,76145654702,78482781781
European Union,EUU,-0.001969862,1.47202E+12,1.51125E+12,1.5136E+12,1.54653E+12,1.56588E+12,1.57065E+12,1.5813E+12,1.55872E+12,1.55445E+12,1.46444E+12,1.52241E+12,1.47015E+12,1.45142E+12,1.43477E+12,1.43194E+12,1.42912E+12,1.42631E+12,1.4235E+12,1.42069E+12,1.41789E+12,1.4151E+12,1.41231E+12,1.40953E+12,1.40676E+12,1.40398E+12,1.40122E+12,1.39846E+12,1.3957E+12,1.39295E+12,1.39021E+12,1.38747E+12
Fragile and conflict affected situations,FCS,0.029101818,3.77843E+11,3.94943E+11,4.08051E+11,4.1241E+11,4.25382E+11,4.40635E+11,4.53683E+11,4.53596E+11,4.78332E+11,4.87137E+11,5.16452E+11,5.17713E+11,5.3987E+11,5.48617E+11,5.64583E+11,5.81013E+11,5.97922E+11,6.15323E+11,6.3323E+11,6.51658E+11,6.70622E+11,6.90138E+11,7.10223E+11,7.30892E+11,7.52162E+11,7.74051E+11,7.96577E+11,8.19759E+11,8.43616E+11,8.68166E+11,8.93432E+11
Finland,FIN,0.001996783,32414415000,33258375000,34992647000,36892639000,37302245000,34424999000,37452944000,36888276000,35435979000,33465648000,36625171000,35226568000,33976842000,33265989000,33332413950,33398971535,33465662022,33532485675,33599442761,33666533545,33733758295,33801117278,33868610763,33936239017,34004002310,34071900912,34139935092,34208105122,34276411273,34344853816,34413433024
Fiji,FJI,0,0,0,0,0,666000000,578000000,559000000,524000000,0,0,0,0,0,0,0,0,0,0,0,0,0,0,0,0,0,0,0,0,0,0,0
France,FRA,0.000337036,2.51902E+11,2.60524E+11,2.61156E+11,2.65845E+11,2.6974E+11,2.7086E+11,2.665E+11,2.63461E+11,2.64619E+11,2.53228E+11,2.61206E+11,2.51378E+11,2.51914E+11,2.53008E+11,2.53093E+11,2.53179E+11,2.53264E+11,2.53349E+11,2.53435E+11,2.5352E+11,2.53606E+11,2.53691E+11,2.53777E+11,2.53862E+11,2.53948E+11,2.54033E+11,2.54119E+11,2.54205E+11,2.5429E+11,2.54376E+11,2.54462E+11
Faroe Islands,FRO,0,0,0,0,0,0,0,0,0,0,0,0,0,0,0,0,0,0,0,0,0,0,0,0,0,0,0,0,0,0,0,0
"Micronesia, Fed. Sts.",FSM,0,0,0,0,0,0,0,0,0,0,0,0,0,0,0,0,0,0,0,0,0,0,0,0,0,0,0,0,0,0,0,0
Gabon,GAB,0.103558168,1470629000,1578667000,1905690000,2240387000,2600076000,3003686000,3378589000,3763124000,4135506000,4524154000,5082062000,4092342000,3626458000,5294697000,5843006123,6448097135,7115850264,7852754684,8665971575,9563403719,10553772291,11646701619,12852812707,14183826449,15652677536,17273640152,19062466687,21036540822,23215046458,25619154148,28272226827
United Kingdom,GBR,-0.011591482,2.22953E+11,2.23764E+11,2.18832E+11,2.22581E+11,2.21624E+11,2.22661E+11,2.18976E+11,2.1105E+11,2.07794E+11,1.95895E+11,2.02774E+11,1.88015E+11,1.93831E+11,1.91596E+11,1.89375E+11,1.8718E+11,1.8501E+11,1.82866E+11,1.80746E+11,1.78651E+11,1.7658E+11,1.74533E+11,1.7251E+11,1.70511E+11,1.68534E+11,1.66581E+11,1.6465E+11,1.62741E+11,1.60855E+11,1.5899E+11,1.57147E+11
Georgia,GEO,0.023840057,2869166000,2570408000,2543939000,2705288000,2780504000,2840532000,3031512000,3341325000,3004559000,3095523000,3122293000,3544367000,3705531000,3897384000,3990297857,4085426787,4182823595,4282542349,4384638403,4489168434,4596190466,4705763910,4817949590,4932809784,5050408252,5170810273,5294082686,5420293920,5549514037,5681814769,5817269558
Ghana,GHA,0.027696206,6276366000,6316642000,6278480000,5940664000,5937179000,5885201000,6269900000,6270410000,6270800000,6791464000,7406934000,7906503000,8556950000,8952618000,9200571554,9455392481,9717270980,9986402521,10262987984,10547233815,10839352177,11139561110,11448084691,11765153205,12091003314,12425878234,12770027920,13123709246,13487186203,13860730092,14244619731
Gibraltar,GIB,0.028333661,127849000,130887000,132859000,135789000,146064000,150964000,156979000,156855000,159721000,171969000,172986000,167928000,171873000,183840000,189048860.2,194405306.5,199913520.6,205577802.5,211402574.2,217392383.1,223551905.1,229885949,236399459.5,243097521.6,249985364.4,257068364.9,264352052.8,271842114.2,279544396.5,287464912.7,295609846
Guinea,GIN,0,0,0,0,0,0,0,0,0,0,0,0,0,0,0,0,0,0,0,0,0,0,0,0,0,0,0,0,0,0,0,0
"Gambia, The",GMB,0,0,0,0,0,108000000,108000000,114000000,133000000,0,0,0,0,0,0,0,0,0,0,0,0,0,0,0,0,0,0,0,0,0,0,0
Guinea-Bissau,GNB,0,0,0,0,0,86000000,87000000,90000000,95000000,0,0,0,0,0,0,0,0,0,0,0,0,0,0,0,0,0,0,0,0,0,0,0
Equatorial Guinea,GNQ,0,0,0,0,0,762000000,1249000000,1503000000,1759000000,0,0,0,0,0,0,0,0,0,0,0,0,0,0,0,0,0,0,0,0,0,0,0
Greece,GRC,-0.011404603,27086270000,28003794000,28320709000,29139192000,29704501000,30248638000,30224775000,30214876000,30414140000,29429832000,27604393000,26737962000,26543707000,23334086000,23067970008,22804888963,22544808253,22287693660,22033511357,21782227903,21533810236,21288225675,21045441908,20805426994,20568149354,20333577772,20101681385,19872429685,19645792510,19421740041,19200242802
Grenada,GRD,0,0,0,0,0,74000000,79000000,81000000,81000000,0,0,0,0,0,0,0,0,0,0,0,0,0,0,0,0,0,0,0,0,0,0,0
Greenland,GRL,0,0,0,0,0,0,0,0,0,0,0,0,0,0,0,0,0,0,0,0,0,0,0,0,0,0,0,0,0,0,0,0
Guatemala,GTM,0.042167739,7040728000,7188292000,7246478000,7532968000,7758105000,7799869000,7921827000,8511648000,8157306000,9363276000,10194396000,10899981000,11072333000,12044997000,12552907295,13082235018,13633883296,14208793334,14807946028,15432363638,16083111526,16761299982,17468086112,18204675815,18972325841,19772345933,20606101064,21475013764,22380566548,23324304446,24307837638
Guam,GUM,0,0,0,0,0,0,0,0,0,0,0,0,0,0,0,0,0,0,0,0,0,0,0,0,0,0,0,0,0,0,0,0
Guyana,GUY,0,0,0,0,0,479000000,495000000,500000000,500000000,0,0,0,0,0,0,0,0,0,0,0,0,0,0,0,0,0,0,0,0,0,0,0
High income,HIC,0.00237693,5.43872E+12,5.4479E+12,5.49647E+12,5.56819E+12,5.68747E+12,5.71032E+12,5.73372E+12,5.7759E+12,5.73805E+12,5.50502E+12,5.71909E+12,5.60491E+12,5.5905E+12,5.6092E+12,5.62253E+12,5.6359E+12,5.64929E+12,5.66272E+12,5.67618E+12,5.68967E+12,5.7032E+12,5.71675E+12,5.73034E+12,5.74396E+12,5.75761E+12,5.7713E+12,5.78502E+12,5.79877E+12,5.81255E+12,5.82637E+12,5.84022E+12
"Hong Kong SAR, China",HKG,0.002037331,13590296000,14165027000,13145416000,13523647000,12701902000,12566882000,13254155000,14237878000,13959424000,14694244000,13673632000,14759926000,14262416000,13954672000,13983102279,14011590481,14040136722,14068741121,14097403797,14126124868,14154904454,14183742673,14212639645,14241595490,14270610327,14299684278,14328817461,14358009999,14387262011,14416573619,14445944945
Honduras,HND,0.043453402,2990966000,3225629000,3356111000,3648168000,3932192000,4109975000,3993609000,4689709000,4651402000,4456861000,4564056000,5060233000,5124543000,5199496000,5425431791,5661185260,5907183020,6163870219,6431711351,6711191091,7002815176,7307111320,7624630167,7955946288,8301659222,8662394559,9038805073,9431571905,9841405792,10269048356,10715273444
Heavily indebted poor countries (HIPC),HPC,0.036892449,1.86941E+11,1.91868E+11,2.00769E+11,2.0527E+11,2.14209E+11,2.2211E+11,2.30839E+11,2.35184E+11,2.42941E+11,2.50888E+11,2.60762E+11,2.72934E+11,2.87977E+11,2.99393E+11,3.10439E+11,3.21891E+11,3.33767E+11,3.4608E+11,3.58848E+11,3.72087E+11,3.85814E+11,4.00048E+11,4.14806E+11,4.3011E+11,4.45977E+11,4.62431E+11,4.79491E+11,4.9718E+11,5.15523E+11,5.34541E+11,5.54262E+11
Croatia,HRV,0.000517471,8386135000,8704827000,8955398000,9607310000,9603146000,9747323000,9693124000,10079217000,9826432000,9501978000,9387428000,9162398000,8623678000,8442725000,8447093861,8451464983,8455838368,8460214015,8464591926,8468972103,8473354546,8477739258,8482126238,8486515488,8490907010,8495300804,8499696872,8504095214,8508495833,8512898729,8517303903
Haiti,HTI,0.056316484,2010299000,2053955000,2309174000,2217956000,2287743000,3406126000,3507149000,3674782000,3722070000,3775960000,3796573000,3929897000,4072255000,4098108000,4328899034,4572687408,4830205086,5102225254,5389564642,5693085973,6013700559,6352371031,6710114234,7088004276,7487175756,7908827171,8354224511,8824705063,9321681426,9846645750,10401174219
Hungary,HUN,-0.008144989,24997890000,25598066000,25601241000,26136346000,26069278000,27548175000,27326216000,26728629000,26467156000,24837146000,25689549000,24932522000,23467149000,22476560000,22293488658,22111908431,21931807172,21753172836,21575993476,21400257239,21225952371,21053067216,20881590207,20711509878,20542814850,20375493842,20209535662,20044929210,19881663475,19719727538,19559110567
IBRD only,IBD,0.04523909,3.98682E+12,4.08241E+12,4.22159E+12,4.50394E+12,4.8323E+12,5.10131E+12,5.39334E+12,5.65433E+12,5.83879E+12,5.98264E+12,6.4199E+12,6.70866E+12,6.94134E+12,7.08647E+12,7.40705E+12,7.74214E+12,8.09239E+12,8.45848E+12,8.84114E+12,9.2411E+12,9.65916E+12,1.00961E+13,1.05529E+13,1.10303E+13,1.15293E+13,1.20508E+13,1.2596E+13,1.31659E+13,1.37615E+13,1.4384E+13,1.50347E+13
IDA & IBRD total,IBT,0.044180341,4.56089E+12,4.67589E+12,4.83662E+12,5.14562E+12,5.49726E+12,5.79397E+12,6.11471E+12,6.40529E+12,6.62274E+12,6.77813E+12,7.25724E+12,7.58418E+12,7.8358E+12,8.00077E+12,8.35425E+12,8.72334E+12,9.10874E+12,9.51117E+12,9.93137E+12,1.03701E+13,1.08283E+13,1.13067E+13,1.18062E+13,1.23278E+13,1.28725E+13,1.34412E+13,1.4035E+13,1.46551E+13,1.53026E+13,1.59786E+13,1.66846E+13
IDA total,IDA,0.027579234,4.96997E+11,5.12928E+11,5.29248E+11,5.44981E+11,5.61836E+11,5.7901E+11,5.96047E+11,6.15001E+11,6.31077E+11,6.33424E+11,6.56243E+11,6.81496E+11,6.96996E+11,7.07869E+11,7.27392E+11,7.47453E+11,7.68067E+11,7.8925E+11,8.11017E+11,8.33384E+11,8.56368E+11,8.79986E+11,9.04255E+11,9.29194E+11,9.5482E+11,9.81154E+11,1.00821E+12,1.03602E+12,1.06459E+12,1.09395E+12,1.12412E+12
IDA blend,IDB,0.021981675,2.37547E+11,2.43639E+11,2.49669E+11,2.56616E+11,2.63891E+11,2.68014E+11,2.74092E+11,2.81499E+11,2.86366E+11,2.82037E+11,2.92283E+11,3.05743E+11,3.16083E+11,3.15145E+11,3.22073E+11,3.29152E+11,3.36388E+11,3.43782E+11,3.51339E+11,3.59062E+11,3.66955E+11,3.75021E+11,3.83265E+11,3.91689E+11,4.00299E+11,4.09099E+11,4.18091E+11,4.27282E+11,4.36674E+11,4.46273E+11,4.56083E+11
Indonesia,IDN,0.026074086,1.55656E+11,1.59313E+11,1.65228E+11,1.65698E+11,1.76639E+11,1.79767E+11,1.83995E+11,1.83128E+11,1.86751E+11,2.01872E+11,2.12107E+11,2.0432E+11,2.11982E+11,2.17515E+11,2.23186E+11,2.29006E+11,2.34977E+11,2.41104E+11,2.4739E+11,2.53841E+11,2.60459E+11,2.67251E+11,2.74219E+11,2.81369E+11,2.88705E+11,2.96233E+11,3.03957E+11,3.11882E+11,3.20014E+11,3.28359E+11,3.3692E+11
IDA only,IDX,0.033950511,2.39849E+11,2.49277E+11,2.59184E+11,2.67259E+11,2.76933E+11,2.90211E+11,3.00873E+11,3.11949E+11,3.22369E+11,3.30422E+11,3.4211E+11,3.52281E+11,3.57226E+11,3.70199E+11,3.82767E+11,3.95762E+11,4.09199E+11,4.23091E+11,4.37455E+11,4.52307E+11,4.67663E+11,4.83541E+11,4.99957E+11,5.16931E+11,5.34481E+11,5.52627E+11,5.71389E+11,5.90788E+11,6.10845E+11,6.31584E+11,6.53026E+11
Isle of Man,IMN,0,0,0,0,0,0,0,0,0,0,0,0,0,0,0,0,0,0,0,0,0,0,0,0,0,0,0,0,0,0,0,0
India,IND,0.044439838,4.40896E+11,4.47216E+11,4.60582E+11,4.71613E+11,4.96699E+11,5.16156E+11,5.43278E+11,5.73974E+11,6.02207E+11,6.63206E+11,6.93238E+11,7.22659E+11,7.58399E+11,7.75927E+11,8.10409E+11,8.46423E+11,8.84038E+11,9.23324E+11,9.64357E+11,1.00721E+12,1.05197E+12,1.09872E+12,1.14755E+12,1.19855E+12,1.25181E+12,1.30744E+12,1.36554E+12,1.42623E+12,1.48961E+12,1.55581E+12,1.62495E+12
Not classified,INX,0,0,0,0,0,0,0,0,0,0,0,0,0,0,0,0,0,0,0,0,0,0,0,0,0,0,0,0,0,0,0,0
Ireland,IRL,-0.00449153,13800404000,14357347000,14396125000,14048149000,14482342000,14574853000,14633463000,15026922000,14788040000,14284459000,14373625000,13123657000,13122766000,13015962000,12957500413,12899301409,12841363807,12783686434,12726268120,12669107702,12612204022,12555555927,12499162268,12443021903,12387133694,12331496509,12276109220,12220970705,12166079846,12111435530,12057036652
"Iran, Islamic Rep.",IRN,0.046079143,1.23022E+11,1.33473E+11,1.38054E+11,1.42668E+11,1.55586E+11,1.72668E+11,1.80462E+11,1.90939E+11,2.04619E+11,2.04227E+11,2.04283E+11,2.08314E+11,2.16749E+11,2.20965E+11,2.31147E+11,2.41798E+11,2.52939E+11,2.64595E+11,2.76787E+11,2.89541E+11,3.02883E+11,3.1684E+11,3.31439E+11,3.46712E+11,3.62688E+11,3.794E+11,3.96883E+11,4.15171E+11,4.34301E+11,4.54314E+11,4.75248E+11
Iraq,IRQ,0.050655365,25963251000,29026149000,27601675000,25362342000,26101163000,26430305000,24938686000,25376217000,27487357000,32943482000,37511190000,41040963000,45863436000,49356317000,51856479256,54483288143,57243158993,60142832109,63189389226,66390270805,69753294209,73286672791,76999035955,80899450230,84997441415,89303017839,93826694808,98579520286,1.03573E+11,1.0882E+11,1.14332E+11
Iceland,ISL,0.05005614,3118999000,3017659000,3106583000,3106945000,3073860000,3123089000,3868362000,4594362000,5190935000,5386162000,5414065000,5792528000,5654246000,5885427000,6180028756,6489377139,6814210307,7155303370,7513470235,7889565551,8284486746,8699176172,9134623350,9591867332,10071999183,10576164581,11105566553,11661468343,12245196432,12858143695,13501772732
Israel,ISR,0.01846713,18234494000,19143422000,18808568000,19729935000,19214977000,18444109000,20331578000,20809031000,22870169000,21512687000,23194300000,23143452000,24267377000,23131561000,23558734554,23993796777,24436893351,24888172648,25347785778,25815886643,26292631988,26778181452,27272697621,27776346085,28289295491,28811717600,29343787346,29885682894,30437585697,30999680562,31572155705
Italy,ITA,-0.007577537,1.71521E+11,1.72097E+11,1.73303E+11,1.81599E+11,1.82859E+11,1.86353E+11,1.84654E+11,1.84056E+11,1.81631E+11,1.69599E+11,1.73718E+11,1.67949E+11,1.61311E+11,1.55372E+11,1.54194E+11,1.53026E+11,1.51867E+11,1.50716E+11,1.49574E+11,1.4844E+11,1.47315E+11,1.46199E+11,1.45091E+11,1.43992E+11,1.42901E+11,1.41818E+11,1.40743E+11,1.39677E+11,1.38618E+11,1.37568E+11,1.36526E+11
Jamaica,JAM,-0.021417064,3813292000,3825210000,3567104000,3716222000,3758926000,3713477000,4160812000,4184418000,3520805000,3019935000,2673902000,2852349000,2769553000,2877858000,2816222730,2755907507,2696884059,2639124719,2582602415,2527290653,2473163507,2420195605,2368362120,2317638756,2268001738,2219427799,2171894171,2125378574,2079859205,2035314726,1991724260
Jordan,JOR,0.036222627,4865681000,4817194000,5059859000,5173316000,6218089000,6676367000,6853603000,7208967000,7068973000,7457979000,7103264000,7065912000,7849838000,7727403000,8007309840,8297355641,8597907663,8909346469,9232066406,9566476108,9912999008,10272073877,10644155382,11029714657,11429239902,11843237000,12272230161,12716762582,13177397135,13654717082,14149326811
Japan,JPN,-0.009980596,5.18005E+11,5.09647E+11,5.08758E+11,5.04893E+11,5.21036E+11,5.19139E+11,5.18305E+11,5.13624E+11,4.94123E+11,4.71022E+11,4.98611E+11,4.61581E+11,4.5147E+11,4.54677E+11,4.50139E+11,4.45646E+11,4.41198E+11,4.36795E+11,4.32435E+11,4.28119E+11,4.23846E+11,4.19616E+11,4.15428E+11,4.11282E+11,4.07177E+11,4.03113E+11,3.9909E+11,3.95107E+11,3.91163E+11,3.87259E+11,3.83394E+11
Kazakhstan,KAZ,0.065646143,35679063000,34538908000,39736626000,43103358000,50790046000,50878433000,61428051000,66086424000,69861653000,63474729000,69120697000,77335726000,73867466000,81542245000,86895178838,92599512134,98678312906,1.05156E+11,1.12059E+11,1.19416E+11,1.27255E+11,1.35608E+11,1.44511E+11,1.53997E+11,1.64107E+11,1.74879E+11,1.8636E+11,1.98593E+11,2.1163E+11,2.25523E+11,2.40328E+11
Kenya,KEN,0.032931411,13999387000,14189973000,14378797000,14693887000,15448119000,16002409000,16684752000,17048614000,17649342000,18690058000,19519613000,19925290000,20168995000,21332331000,22034834752,22760472944,23510007424,24284225133,25083938923,25909988416,26763240884,27644592160,28554967576,29495322939,30466645531,31469955146,32506305161,33576783645,34682514495,35824658622,37004415166
Kyrgyz Republic,KGZ,0.04179162,2318801000,2155451000,2421930000,2578399000,2541470000,2573777000,2533110000,2953561000,3159023000,2884463000,2753381000,3310333000,4133776000,3948341000,4113348565,4285252064,4464339689,4650911675,4845280807,5047772940,5258727547,5478498289,5707453606,5945977336,6194469360,6453346267,6723042060,7004008877,7296717752,7601659406,7919345065
Cambodia,KHM,0.043886575,3412368000,3430154000,3994448000,4114814000,3389263000,3435909000,3429351000,3478074000,3488665000,5080673000,5299238000,5543805000,5776060000,5964155000,6225901336,6499134823,6784359592,7082101898,7392911095,7717360643,8056049171,8409601578,8778670189,9163935958,9566109722,9985933515,10424181936,10881663579,11359222525,11857739898,12378135491
Kiribati,KIR,0,0,0,0,0,8000000,8000000,10000000,11000000,0,0,0,0,0,0,0,0,0,0,0,0,0,0,0,0,0,0,0,0,0,0,0
St. Kitts and Nevis,KNA,0,0,0,0,0,76000000,79000000,79000000,83000000,0,0,0,0,0,0,0,0,0,0,0,0,0,0,0,0,0,0,0,0,0,0,0
"Korea, Rep.",KOR,0.026342034,1.88158E+11,1.91059E+11,1.98701E+11,2.02752E+11,2.08326E+11,2.10288E+11,2.13735E+11,2.2224E+11,2.27112E+11,2.2927E+11,2.50025E+11,2.60499E+11,2.63475E+11,2.63828E+11,2.70777E+11,2.7791E+11,2.85231E+11,2.92744E+11,3.00456E+11,3.08371E+11,3.16494E+11,3.24831E+11,3.33387E+11,3.4217E+11,3.51183E+11,3.60434E+11,3.69928E+11,3.79673E+11,3.89674E+11,3.99939E+11,4.10475E+11
Kuwait,KWT,0.049173504,18716926000,19975781000,20542589000,21900399000,23368482000,26281690000,25663139000,26264755000,28713610000,31410199000,32077440000,32381300000,37192287000,34934104000,36651936299,38454240432,40345170173,42329083556,44410552911,46594375408,48885584109,51289459570,53811542010,56457644080,59233864262,62146600917,65202567039,68408805724,71772706399,75302021856,79004886122
Latin America & Caribbean (excluding high income),LAC,0.026776012,5.045E+11,5.09595E+11,5.13456E+11,5.31355E+11,5.50825E+11,5.72464E+11,5.93844E+11,6.08444E+11,6.25975E+11,6.20981E+11,6.51291E+11,6.69089E+11,6.93501E+11,7.11288E+11,7.30334E+11,7.49889E+11,7.69968E+11,7.90585E+11,8.11754E+11,8.33489E+11,8.55807E+11,8.78722E+11,9.0225E+11,9.26409E+11,9.51215E+11,9.76684E+11,1.00284E+12,1.02969E+12,1.05726E+12,1.08557E+12,1.11464E+12
Lao PDR,LAO,0,0,0,0,0,0,0,0,0,0,0,0,0,0,0,0,0,0,0,0,0,0,0,0,0,0,0,0,0,0,0,0
Lebanon,LBN,0.028504997,4907054000,5260542000,5226942000,5232489000,5286993000,5042261000,4794229000,4225111000,5430694000,6648382000,6378426000,6346428000,7171075000,7071379000,7272948635,7480264012,7693488913,7912791790,8138345894,8370329417,8608925629,8854323026,9106715475,9366302369,9633288788,9907885653,10190309901,10480784651,10779539384,11086810118,11402839604
Liberia,LBR,0,0,0,0,0,0,0,0,0,0,0,0,0,0,0,0,0,0,0,0,0,0,0,0,0,0,0,0,0,0,0,0
Libya,LBY,0.01583852,15827654000,16307238000,16959289000,17449071000,17938092000,17773013000,17969235000,16708224000,17798360000,19298647000,20784035000,13686954000,17248192000,19414998000,19722502839,20034878099,20352200922,20674549668,21002003942,21334644606,21672553807,22015814989,22364512921,22718733712,23078564835,23444095152,23815414928,24192615859,24575791095,24965035260,25360444477
St. Lucia,LCA,0,0,0,0,0,120000000,123000000,119000000,128000000,0,0,0,0,0,0,0,0,0,0,0,0,0,0,0,0,0,0,0,0,0,0,0
Latin America & Caribbean,LCN,0.02708311,6.01692E+11,6.08978E+11,6.19047E+11,6.3395E+11,6.60124E+11,6.84763E+11,7.15965E+11,7.2838E+11,7.52718E+11,7.47159E+11,7.87423E+11,8.03193E+11,8.36571E+11,8.51622E+11,8.74686E+11,8.98375E+11,9.22706E+11,9.47696E+11,9.73362E+11,9.99724E+11,1.0268E+12,1.05461E+12,1.08317E+12,1.11251E+12,1.14264E+12,1.17358E+12,1.20537E+12,1.23801E+12,1.27154E+12,1.30598E+12,1.34135E+12
Least developed countries: UN classification,LDC,0.037942744,2.02486E+11,2.11722E+11,2.20248E+11,2.29282E+11,2.3351E+11,2.41406E+11,2.51989E+11,2.59914E+11,2.71236E+11,2.84105E+11,2.94485E+11,3.0346E+11,3.13398E+11,3.28586E+11,3.41053E+11,3.53994E+11,3.67425E+11,3.81366E+11,3.95836E+11,4.10856E+11,4.26445E+11,4.42625E+11,4.59419E+11,4.76851E+11,4.94944E+11,5.13724E+11,5.33216E+11,5.53447E+11,5.74447E+11,5.96243E+11,6.18866E+11
Low income,LIC,0,0,0,0,0,0,0,0,0,0,0,0,0,0,0,0,0,0,0,0,0,0,0,0,0,0,0,0,0,0,0,0
Liechtenstein,LIE,0,0,0,0,0,0,0,0,0,0,0,0,0,0,0,0,0,0,0,0,0,0,0,0,0,0,0,0,0,0,0,0
Sri Lanka,LKA,0.014442286,8326485000,8049477000,8197719000,8681939000,8798023000,9000649000,9082537000,9260424000,9114582000,9046051000,9741273000,10457870000,11254598000,10032685000,10177579906,10324567427,10473677783,10624941633,10778390079,10934054672,11091967417,11252160783,11414667708,11579521604,11746756367,11916406382,12088506532,12263092201,12440199286,12619864203,12802123891
Lower middle income,LMC,0.033614241,1.37218E+12,1.40761E+12,1.45166E+12,1.49417E+12,1.56388E+12,1.62508E+12,1.67849E+12,1.74423E+12,1.80547E+12,1.869E+12,1.95374E+12,2.00299E+12,2.08346E+12,2.10898E+12,2.17987E+12,2.25314E+12,2.32888E+12,2.40717E+12,2.48808E+12,2.57172E+12,2.65816E+12,2.74751E+12,2.83987E+12,2.93533E+12,3.034E+12,3.13598E+12,3.2414E+12,3.35036E+12,3.46298E+12,3.57938E+12,3.6997E+12
Low & middle income,LMY,0.044767696,4.40529E+12,4.51761E+12,4.67096E+12,4.98067E+12,5.32623E+12,5.61912E+12,5.92553E+12,6.2151E+12,6.42663E+12,6.58724E+12,7.04986E+12,7.37337E+12,7.62057E+12,7.78451E+12,8.13301E+12,8.4971E+12,8.8775E+12,9.27492E+12,9.69014E+12,1.01239E+13,1.05772E+13,1.10507E+13,1.15454E+13,1.20623E+13,1.26023E+13,1.31664E+13,1.37559E+13,1.43717E+13,1.50151E+13,1.56873E+13,1.63895E+13
Lesotho,LSO,0,0,0,0,0,28000000,33000000,19000000,19000000,0,0,0,0,0,0,0,0,0,0,0,0,0,0,0,0,0,0,0,0,0,0,0
Late-demographic dividend,LTE,0.052976956,2.54294E+12,2.62136E+12,2.72587E+12,2.95993E+12,3.21395E+12,3.42118E+12,3.65635E+12,3.86066E+12,3.99151E+12,4.0774E+12,4.43794E+12,4.69028E+12,4.85336E+12,4.97487E+12,5.23843E+12,5.51594E+12,5.80816E+12,6.11586E+12,6.43986E+12,6.78102E+12,7.14026E+12,7.51853E+12,7.91684E+12,8.33625E+12,8.77788E+12,9.2429E+12,9.73256E+12,1.02482E+13,1.07911E+13,1.13628E+13,1.19647E+13
Lithuania,LTU,-0.001749653,7130723000,8277008000,8863671000,9252665000,9385553000,8847230000,8717621000,9458777000,9517654000,8763910000,7048671000,7305269000,7376808000,6970223000,6958027527,6945853392,6933700557,6921568986,6909458640,6897369484,6885301479,6873254589,6861228778,6849224007,6837240240,6825277441,6813335572,6801414598,6789514481,6777635185,6765776674
Luxembourg,LUX,0.01322299,3349404000,3524628000,3660744000,3861212000,4300338000,4385887000,4334333000,4211409000,4208368000,3958233000,4222654000,4176013000,4100066000,3973132000,4025668684,4078900061,4132835315,4187483755,4242854811,4298958037,4355803116,4413399857,4471758199,4530888212,4590800101,4651504205,4713010998,4775331095,4838475250,4902454360,4967279464
Latvia,LVA,0.009619031,3831785000,4111458000,4073430000,4324130000,4438219000,4528115000,4688965000,4796299000,4586232000,4402896000,4506919000,4256672000,4415664000,4339593000,4381335679,4423479882,4466029472,4508988347,4552360445,4596149741,4640360247,4684996015,4730061136,4775559740,4821495997,4867874116,4914698347,4961972982,5009702353,5057890835,5106542843
"Macao SAR, China",MAC,0,0,0,0,0,0,0,0,0,0,0,0,0,0,0,0,0,0,0,0,0,0,0,0,0,0,0,0,0,0,0,0
St. Martin (French part),MAF,0,0,0,0,0,0,0,0,0,0,0,0,0,0,0,0,0,0,0,0,0,0,0,0,0,0,0,0,0,0,0,0
Morocco,MAR,0.041712334,11018859000,11680837000,11872779000,11820579000,14023704000,14844155000,15095443000,15569134000,16166018000,16282576000,17080670000,18404534000,18664514000,18743820000,19525668471,20340129667,21188563940,22072388386,22993079212,23952174201,24951275280,25992051197,27076240306,28205653472,29382177097,30607776268,31884498040,33214474857,34599928110,36043171852,37546616658
Monaco,MCO,0,0,0,0,0,0,0,0,0,0,0,0,0,0,0,0,0,0,0,0,0,0,0,0,0,0,0,0,0,0,0,0
Moldova,MDA,0.004843438,2882933000,3052063000,3095612000,3360077000,3376774000,3497185000,3450378000,3357276000,3344868000,3177058000,3507279000,3452035000,3415495000,3069826000,3084694512,3099635039,3114647930,3129733535,3144892206,3160124296,3175430163,3190810163,3206264654,3221793999,3237398559,3253078698,3268834784,3284667183,3300576265,3316562402,3332625967
Madagascar,MDG,0,0,0,0,0,0,0,0,0,0,0,0,0,0,0,0,0,0,0,0,0,0,0,0,0,0,0,0,0,0,0,0
Maldives,MDV,0,0,0,0,0,250000000,225000000,288000000,299000000,0,0,0,0,0,0,0,0,0,0,0,0,0,0,0,0,0,0,0,0,0,0,0
Middle East & North Africa,MEA,0.048364455,4.79681E+11,5.165E+11,5.37805E+11,5.49958E+11,5.86276E+11,6.28783E+11,6.68756E+11,7.01827E+11,7.56235E+11,7.82251E+11,8.17658E+11,8.23823E+11,8.84915E+11,8.86364E+11,9.29232E+11,9.74174E+11,1.02129E+12,1.07068E+12,1.12247E+12,1.17675E+12,1.23367E+12,1.29333E+12,1.35588E+12,1.42146E+12,1.49021E+12,1.56228E+12,1.63784E+12,1.71705E+12,1.8001E+12,1.88716E+12,1.97843E+12
Mexico,MEX,0.019213111,1.49995E+11,1.55293E+11,1.56058E+11,1.65336E+11,1.67136E+11,1.78629E+11,1.827E+11,1.81507E+11,1.79661E+11,1.79888E+11,1.74763E+11,1.83617E+11,1.91708E+11,1.92098E+11,1.95788E+11,1.9955E+11,2.03384E+11,2.07292E+11,2.11274E+11,2.15334E+11,2.19471E+11,2.23688E+11,2.27985E+11,2.32366E+11,2.3683E+11,2.4138E+11,2.46018E+11,2.50745E+11,2.55562E+11,2.60473E+11,2.65477E+11
Marshall Islands,MHL,0,0,0,0,0,29000000,29000000,30000000,32000000,0,0,0,0,0,0,0,0,0,0,0,0,0,0,0,0,0,0,0,0,0,0,0
Middle income,MIC,0.044905471,4.1608E+12,4.26297E+12,4.4064E+12,4.70054E+12,5.03054E+12,5.30406E+12,5.59249E+12,5.86944E+12,6.06215E+12,6.21119E+12,6.65171E+12,6.96443E+12,7.21146E+12,7.36509E+12,7.69582E+12,8.0414E+12,8.40251E+12,8.77982E+12,9.17409E+12,9.58605E+12,1.00165E+13,1.04663E+13,1.09363E+13,1.14274E+13,1.19406E+13,1.24768E+13,1.3037E+13,1.36225E+13,1.42342E+13,1.48734E+13,1.55413E+13
North Macedonia,MKD,0.000942884,2667706000,2576649000,2527315000,2789659000,2746413000,2800689000,2932393000,3025263000,3020550000,2815280000,2879433000,3121295000,2961288000,2700591000,2703137343,2705686086,2708237233,2710790786,2713346746,2715905116,2718465898,2721029095,2723594708,2726162741,2728733195,2731306072,2733881376,2736459107,2739039270,2741621865,2744206895
Mali,MLI,0,0,0,0,0,0,0,0,0,0,0,0,0,0,0,0,0,0,0,0,0,0,0,0,0,0,0,0,0,0,0,0
Malta,MLT,0.009929902,675517000,786581000,733300000,825662000,829254000,880820000,833186000,877123000,836577000,778428000,834121000,829759000,878024000,768108000,775735237.5,783438212.8,791217677.9,799074392.3,807009123.1,815022645,823115740.4,831289199.4,839543820.1,847880408.4,856299778.1,864802751.5,873390158.4,882062837.6,890821635.5,899667407.5,908601017.1
Myanmar,MMR,0.019995872,12842227000,12549699000,12973585000,14071376000,14845739000,14896080000,15106994000,15674379000,15110602000,14315861000,14021112000,14324045000,15656721000,16611916000,16944085747,17282897517,17628484125,17980981038,18340526434,18707261254,19081329256,19462877074,19852054274,20249013411,20653910092,21066903036,21488154133,21917828514,22356094608,22803124216,23259092570
Middle East & North Africa (excluding high income),MNA,0.041588762,2.84387E+11,3.06029E+11,3.14254E+11,3.21783E+11,3.44844E+11,3.77272E+11,3.91664E+11,4.09705E+11,4.33882E+11,4.46469E+11,4.51826E+11,4.55497E+11,4.75528E+11,4.83016E+11,5.03104E+11,5.24027E+11,5.45821E+11,5.68521E+11,5.92165E+11,6.16792E+11,6.42444E+11,6.69163E+11,6.96992E+11,7.25979E+11,7.56172E+11,7.8762E+11,8.20376E+11,8.54495E+11,8.90032E+11,9.27047E+11,9.65602E+11
Montenegro,MNE,0,0,0,0,0,0,1072484000,1176885000,1187394000,1275872000,1017905000,1175853000,1125772000,1062343000,981767000,981767000,981767000,981767000,981767000,981767000,981767000,981767000,981767000,981767000,981767000,981767000,981767000,981767000,981767000,981767000,981767000,981767000
Mongolia,MNG,0.06232279,2396588000,2414745000,2585629000,2525390000,2600481000,2995535000,3408099000,3570223000,3583794000,3723157000,3942412000,4313503000,4772655000,5259299000,5587073188,5935275178,6305178088,6698134379,7115580803,7559043652,8030144344,8530605345,9062256472,9627041581,10227025674,10864402449,11541502324,12260800952,13024928277,13836678150,14699018539
Northern Mariana Islands,MNP,0,0,0,0,0,0,0,0,0,0,0,0,0,0,0,0,0,0,0,0,0,0,0,0,0,0,0,0,0,0,0,0
Mozambique,MOZ,0.032944157,7172677000,7546661000,7645213000,8062522000,8374675000,8488755000,8742277000,9117829000,9294656000,9637884000,9960152000,10360649000,10554421000,10931512000,11291641444,11663635049,12047883670,12444791038,12854774184,13278263879,13715705085,14167557422,14634295654,15116410183,15614407569,16128811058,16660161137,17209016096,17775952619,18361566388,18966472708
Mauritania,MRT,0,0,0,0,0,0,0,0,0,0,0,0,0,0,0,0,0,0,0,0,0,0,0,0,0,0,0,0,0,0,0,0
Mauritius,MUS,0.024156908,1010292000,1060824000,1051870000,1103030000,1123076000,1161589000,1242019000,1249020000,1277929000,1246789000,1317237000,1319420000,1341006000,1377880000,1411165320,1445254711,1480167596,1515923868,1552543901,1590048561,1628459218,1667797757,1708086594,1749348685,1791607540,1834887238,1879212440,1924608402,1971100990,2018716695,2067482648
Malawi,MWI,0,0,0,0,0,0,0,0,0,0,0,0,0,0,0,0,0,0,0,0,0,0,0,0,0,0,0,0,0,0,0,0
Malaysia,MYS,0.046074826,48889186000,50878919000,52591188000,56345822000,60595665000,65729316000,66090016000,72371285000,75652463000,71882567000,73381776000,76516732000,77860048000,87806884000,91852570875,96084662069,1.00512E+11,1.05143E+11,1.09987E+11,1.15055E+11,1.20356E+11,1.25901E+11,1.31702E+11,1.3777E+11,1.44118E+11,1.50758E+11,1.57705E+11,1.64971E+11,1.72572E+11,1.80523E+11,1.88841E+11
North America,NAC,-0.002244212,2.52746E+12,2.48111E+12,2.50713E+12,2.52562E+12,2.57835E+12,2.59084E+12,2.56571E+12,2.60764E+12,2.55003E+12,2.4275E+12,2.48054E+12,2.46255E+12,2.42589E+12,2.45471E+12,2.4492E+12,2.4437E+12,2.43822E+12,2.43275E+12,2.42729E+12,2.42184E+12,2.41641E+12,2.41098E+12,2.40557E+12,2.40017E+12,2.39479E+12,2.38941E+12,2.38405E+12,2.3787E+12,2.37336E+12,2.36804E+12,2.36272E+12
Namibia,NAM,0.04181375,1019713000,1209021000,1119257000,1166472000,1223038000,1325624000,1327976000,1366624000,1455477000,1481713000,1538477000,1588367000,1645960000,1736797000,1809418995,1885077588,1963899751,2046017764,2131569439,2220698350,2313554076,2410292447,2511075812,2616073308,2725461143,2839422893,2958149812,3081841148,3210704483,3344956077,3484821234
New Caledonia,NCL,0,0,0,0,0,0,0,0,0,0,0,0,0,0,0,0,0,0,0,0,0,0,0,0,0,0,0,0,0,0,0,0
Niger,NER,0.052795112,1469133000,1512612000,1570454000,1640052000,1715022000,1733442000,1777697000,1859917000,1947406000,2064559000,2228512000,1935517000,2276152000,2867684000,3019083698,3178476560,3346284587,3522952057,3708946705,3904760962,4110913255,4327949381,4556443954,4797001923,5050260177,5316889229,5597594992,5893120647,6204248613,6531802613,6876649865
Nigeria,NGA,0.034664033,86043404000,90339599000,93233346000,98532304000,1.01321E+11,1.0531E+11,1.06183E+11,1.09927E+11,1.13191E+11,1.11394E+11,1.19883E+11,1.268E+11,1.33554E+11,1.34001E+11,1.38646E+11,1.43452E+11,1.48425E+11,1.5357E+11,1.58893E+11,1.64401E+11,1.701E+11,1.75996E+11,1.82097E+11,1.88409E+11,1.9494E+11,2.01698E+11,2.0869E+11,2.15924E+11,2.23408E+11,2.31153E+11,2.39165E+11
Nicaragua,NIC,0.026127944,2516634000,2538591000,2631072000,2692768000,2815754000,2861442000,2834728000,2881834000,2914015000,2931131000,2956149000,3058426000,3286901000,3519166000,3611114574,3705465575,3802281774,3901627581,4003569089,4108174120,4215512265,4325654936,4438675408,4554648872,4673652485,4795765418,4921068910,5049646325,5181583204,5316967322,5455888749
Netherlands,NLD,0.00184603,75472056000,77654935000,78697956000,81457213000,82807267000,81427458000,80506385000,80416079000,79728460000,78058245000,83497687000,77400808000,77847830000,77303462000,77446166547,77589134531,77732366439,77875862757,78019623973,78163650577,78307943058,78452501908,78597327618,78742420681,78887781590,79033410839,79179308924,79325476342,79471913589,79618621164,79765599566
Norway,NOR,0.01703723,26164723000,26875062000,24964947000,27084270000,26492229000,26827646000,27189336000,27606078000,32198348000,31310032000,33904959000,27983450000,29640400000,32590814000,33146071203,33710788451,34285126917,34869250519,35463325970,36067522821,36682013513,37306973424,37942580921,38589017410,39246467386,39915118488,40595161553,41286790669,41990203229,42705599991,43433185132
Nepal,NPL,0.025393643,8107715000,8374581000,8467445000,8706977000,8832457000,9131620000,9130983000,9308051000,9633678000,9918681000,10210604000,10568452000,10102240000,11232503000,11517737172,11810214479,12110118850,12417638885,12732967975,13056304419,13387851553,13727817877,14076417185,14433868698,14800397208,15176233212,15561613062,15956779109,16361979863,16777470139,17203511228
Nauru,NRU,0,0,0,0,0,0,0,0,0,0,0,0,0,0,0,0,0,0,0,0,0,0,0,0,0,0,0,0,0,0,0,0
New Zealand,NZL,0.009673201,17090490000,17103765000,17126147000,16904550000,17329552000,16928912000,16936407000,17125376000,17391585000,17525514000,18382119000,18312080000,19209661000,19368915000,19556274402,19745446170,19936447834,20129297095,20324011826,20520610072,20719110051,20919530162,21121888976,21326205247,21532497911,21740786085,21951089072,22163426363,22377817634,22594282756,22812841788
OECD members,OED,0.000287368,5.33959E+12,5.32579E+12,5.36109E+12,5.43188E+12,5.53469E+12,5.56863E+12,5.5759E+12,5.60253E+12,5.53437E+12,5.29479E+12,5.47117E+12,5.37053E+12,5.33515E+12,5.35957E+12,5.36111E+12,5.36265E+12,5.3642E+12,5.36574E+12,5.36728E+12,5.36882E+12,5.37036E+12,5.37191E+12,5.37345E+12,5.375E+12,5.37654E+12,5.37808E+12,5.37963E+12,5.38118E+12,5.38272E+12,5.38427E+12,5.38582E+12
Oman,OMN,0.094337647,7568926000,7677695000,8073017000,8601310000,8807520000,9905400000,15430427000,17697614000,15653460000,15816722000,18718435000,22013879000,23673333000,24434400000,26739483807,29262023796,32022534273,35043464813,38349382833,41967173381,45926257777,50258832880,55000132925,60188716060,65866777920,72080494778,78880399063,86321790320,94465184921,1.03377E+11,1.13129E+11
Other small states,OSS,0,0,0,0,0,50008097620,52103747514,58350299299,63808033651,0,0,0,0,0,0,0,0,0,0,0,0,0,0,0,0,0,0,0,0,0,0,0
Pakistan,PAK,0.025393707,64062848000,65107971000,65839450000,68827426000,73787468000,76511640000,79705407000,83976554000,82566896000,83808411000,85020319000,85659941000,86650833000,88753331000,91007107058,93318114845,95687807686,98117675811,1.00609E+11,1.03164E+11,1.05784E+11,1.0847E+11,1.11225E+11,1.14049E+11,1.16945E+11,1.19915E+11,1.2296E+11,1.26082E+11,1.29284E+11,1.32567E+11,1.35933E+11
Panama,PAN,0.034085621,2568997000,2912457000,2646315000,2649329000,2613266000,2914343000,3113877000,3047924000,3055654000,3372362000,3608713000,3915783000,4042944000,3971898000,4107282609,4247281887,4392053127,4541758985,4696567660,4856653084,5022195120,5193379759,5370399332,5553452728,5742745612,5938490662,6140907803,6350224458,6566675801,6790505023,7021963602
Peru,PER,0.040078665,12221668000,11795062000,11873319000,11637853000,12874755000,13644723000,13248584000,14335119000,15035106000,15761864000,18666705000,19000041000,20446846000,20369995000,21186397200,22035519710,22918673916,23837223764,24792587863,25786241680,26819719814,27894618373,29012597430,30175383595,31384772677,32642632458,33950905580,35311612542,36726854822,38198818122,39729775746
Philippines,PHL,0.008765922,39990047000,38291167000,38814587000,38913752000,38789379000,38853610000,38569378000,38646826000,40105057000,38186606000,40397136000,40666720000,43254721000,44794753000,45187420301,45583529692,45983111348,46386195705,46792813468,47202995610,47616773377,48034178288,48455242137,48879996999,49308475229,49740709466,50176732634,50616577947,51060278910,51507869320,51959383274
Palau,PLW,0,0,0,0,0,0,0,0,0,0,0,0,0,0,0,0,0,0,0,0,0,0,0,0,0,0,0,0,0,0,0,0
Papua New Guinea,PNG,0,0,0,0,0,0,0,0,0,0,0,0,0,0,0,0,0,0,0,0,0,0,0,0,0,0,0,0,0,0,0,0
Poland,POL,0.007316214,88774432000,89364558000,88472807000,90736088000,90990361000,92137559000,96763557000,96346224000,97784018000,94101846000,1.00442E+11,1.00997E+11,97691939000,97598607000,98312659263,99031935686,99756474488,1.00486E+11,1.01221E+11,1.01962E+11,1.02708E+11,1.03459E+11,1.04216E+11,1.04979E+11,1.05747E+11,1.06521E+11,1.073E+11,1.08085E+11,1.08876E+11,1.09672E+11,1.10475E+11
Pre-demographic dividend,PRE,0.038124229,2.88451E+11,3.03361E+11,3.1159E+11,3.19859E+11,3.31596E+11,3.42471E+11,3.48534E+11,3.58919E+11,3.73255E+11,3.86126E+11,4.12025E+11,4.34874E+11,4.54944E+11,4.69152E+11,4.87038E+11,5.05606E+11,5.24882E+11,5.44893E+11,5.65666E+11,5.87232E+11,6.0962E+11,6.32861E+11,6.56988E+11,6.82035E+11,7.08038E+11,7.35031E+11,7.63053E+11,7.92144E+11,8.22344E+11,8.53695E+11,8.86242E+11
Puerto Rico,PRI,0,0,0,0,0,0,0,0,0,0,0,0,0,0,0,0,0,0,0,0,0,0,0,0,0,0,0,0,0,0,0,0
"Korea, Dem. People's Rep.",PRK,-0.044919679,19716896000,20369450000,19565548000,20028859000,20497341000,21335853000,21549651000,18305998000,20170872000,19918609000,18905797000,13998343000,14255128000,10848188000,10360890877,9895482985,9450981066,9026446030,8620980972,8233729274,7863872798,7510630156,7173255060,6851034745,6543288464,6249366046,5968646530,5700536843,5444470558,5199906688,4966328549
Portugal,PRT,-0.010218959,24593864000,24779633000,25814529000,25109181000,25821593000,26457940000,25151684000,25328695000,24677325000,24349523000,23500086000,22846371000,21439892000,21519663000,21299754442,21082093121,20866656072,20653420566,20442364104,20233464420,20026699473,19822047449,19619486755,19418996021,19220554093,19024140035,18829733125,18637312851,18446858912,18258351214,18071769868
Paraguay,PRY,0.01934753,3851194000,3919601000,3885963000,3965642000,4003398000,3959485000,4080119000,4228712000,4431836000,4489807000,4807815000,4875814000,4997023000,4940660000,5036249566,5133688554,5233012745,5334258614,5437463341,5542664824,5649901696,5759213337,5870639888,5984222267,6100002185,6218022158,6338325526,6460956467,6585960014,6713382070,6843269429
West Bank and Gaza,PSE,0,0,0,0,0,0,0,0,0,0,0,0,0,0,0,0,0,0,0,0,0,0,0,0,0,0,0,0,0,0,0,0
Pacific island small states,PSS,0,0,0,0,0,973432017,878735846.1,862470412.5,838598431.9,0,0,0,0,0,0,0,0,0,0,0,0,0,0,0,0,0,0,0,0,0,0,0
Post-demographic dividend,PST,-0.001663858,5.14886E+12,5.13716E+12,5.16836E+12,5.23754E+12,5.33592E+12,5.34262E+12,5.32609E+12,5.34506E+12,5.27523E+12,5.01764E+12,5.20203E+12,5.08286E+12,5.0286E+12,5.03859E+12,5.03021E+12,5.02184E+12,5.01348E+12,5.00514E+12,4.99681E+12,4.9885E+12,4.9802E+12,4.97191E+12,4.96364E+12,4.95538E+12,4.94714E+12,4.9389E+12,4.93069E+12,4.92248E+12,4.91429E+12,4.90612E+12,4.89795E+12
French Polynesia,PYF,0,0,0,0,0,0,0,0,0,0,0,0,0,0,0,0,0,0,0,0,0,0,0,0,0,0,0,0,0,0,0,0
Qatar,QAT,0.105749879,10920308000,12067687000,13650621000,14132073000,16664028000,16664781000,19590767000,22136017000,22745408000,24233814000,27641529000,31292611000,38089540000,40343595000,44609925299,49327419511,54543788167,60311787178,66689751387,73742184542,81540411651,90163300335,99698058455,1.10241E+11,1.21899E+11,1.3479E+11,1.49044E+11,1.64805E+11,1.82233E+11,2.01505E+11,2.22814E+11
Romania,ROU,-0.009753093,36227663000,36821828000,38139846000,39530176000,38687439000,38595607000,39940597000,39763221000,39616870000,34879853000,35028862000,35804296000,34935533000,31893762000,31582699176,31274670176,30969645411,30667595582,30368491672,30072304951,29779006967,29488569545,29200964786,28916165063,28634143018,28354871560,28078323863,27804473361,27533293749,27264758976,26998843249
Russian Federation,RUS,0.012608829,6.19266E+11,6.26003E+11,6.23102E+11,6.45322E+11,6.47393E+11,6.51706E+11,6.70673E+11,6.7259E+11,6.88464E+11,6.47001E+11,6.88397E+11,7.21871E+11,7.39925E+11,7.28818E+11,7.38008E+11,7.47313E+11,7.56736E+11,7.66278E+11,7.7594E+11,7.85723E+11,7.9563E+11,8.05662E+11,8.15821E+11,8.26107E+11,8.36523E+11,8.47071E+11,8.57752E+11,8.68567E+11,8.79518E+11,8.90608E+11,9.01838E+11
Rwanda,RWA,0,0,0,0,0,0,0,0,0,0,0,0,0,0,0,0,0,0,0,0,0,0,0,0,0,0,0,0,0,0,0,0
South Asia,SAS,0.042203541,5.48188E+11,5.57577E+11,5.72877E+11,5.89259E+11,6.20774E+11,6.44915E+11,6.77723E+11,7.14934E+11,7.43728E+11,8.08886E+11,8.44301E+11,8.77473E+11,9.17198E+11,9.38236E+11,9.77833E+11,1.0191E+12,1.06211E+12,1.10694E+12,1.15365E+12,1.20234E+12,1.25308E+12,1.30597E+12,1.36108E+12,1.41853E+12,1.47839E+12,1.54079E+12,1.60581E+12,1.67359E+12,1.74422E+12,1.81783E+12,1.89455E+12
Saudi Arabia,SAU,0.053289247,97856880000,1.00449E+11,1.11251E+11,1.12574E+11,1.19803E+11,1.22549E+11,1.35796E+11,1.40321E+11,1.5654E+11,1.66643E+11,1.85489E+11,1.78122E+11,2.00349E+11,1.92181E+11,2.02422E+11,2.13209E+11,2.24571E+11,2.36538E+11,2.49143E+11,2.6242E+11,2.76404E+11,2.91133E+11,3.06648E+11,3.22989E+11,3.40201E+11,3.5833E+11,3.77425E+11,3.97537E+11,4.18722E+11,4.41035E+11,4.64538E+11
Sudan,SDN,0.007321367,13305520000,13937976000,15131182000,14709099000,14703707000,14978755000,16089200000,15559002000,15809312000,16353545000,16709151000,16657344000,14320393000,14629061000,14736165720,14844054594,14952733361,15062207806,15172483753,15283567070,15395463670,15508179505,15621720575,15736092920,15851302627,15967355827,16084258694,16202017451,16320638362,16440127741,16560491945
Senegal,SEN,0.034181229,2397852000,2591734000,2631809000,2556962000,2736256000,2791648000,2798759000,3002740000,3134477000,3759266000,3831247000,4056943000,4024943000,3711751000,3838623211,3969832069,4105525808,4245857726,4390986361,4541075671,4696295218,4856820360,5022832448,5194519034,5372074078,5555698172,5745598763,5941990390,6145094924,6355141820,6572368378
Singapore,SGP,0.026866349,18668152000,21293737000,21155298000,25580800000,30711034000,21567549000,23170540000,21461815000,24652540000,21235970000,25417273000,26277005000,26022072000,26350103000,27058034076,27784984676,28531465785,29298002116,30085132480,30893410164,31723403318,32575695359,33450885375,34349588552,35272436603,36220078212,37193179492,38192424450,39218515473,40272173816,41354140113
Solomon Islands,SLB,0,0,0,0,0,58000000,58000000,59000000,64000000,0,0,0,0,0,0,0,0,0,0,0,0,0,0,0,0,0,0,0,0,0,0,0
Sierra Leone,SLE,0,0,0,0,0,0,0,0,0,0,0,0,0,0,0,0,0,0,0,0,0,0,0,0,0,0,0,0,0,0,0,0
El Salvador,SLV,0.000419301,3967135000,4150455000,4231572000,4417320000,4381363000,4507593000,4734085000,4478556000,4497652000,4212606000,4250078000,4291138000,4225122000,3988814000,3990486514,3992159730,3993833647,3995508265,3997183586,3998859610,4000536336,4002213765,4003891898,4005570734,4007250275,4008930519,4010611468,4012293122,4013975481,4015658545,4017342315
San Marino,SMR,0,0,0,0,0,0,0,0,0,0,0,0,0,0,0,0,0,0,0,0,0,0,0,0,0,0,0,0,0,0,0,0
Somalia,SOM,0,0,0,0,0,0,0,0,0,0,0,0,0,0,0,0,0,0,0,0,0,0,0,0,0,0,0,0,0,0,0,0
Serbia,SRB,0.006367767,13727536000,14965323000,15890993000,16635212000,18093711000,16068890000,17052044000,16594934000,16831975000,15155749000,15611367000,16186016000,14544980000,14908362000,15003294977,15098832465,15194978314,15291736397,15389110613,15487104885,15585723162,15684969418,15784847650,15885361884,15986516168,16088314580,16190761221,16293860217,16397615724,16502031922,16607113018
Sub-Saharan Africa (excluding high income),SSA,0.030186215,4.3844E+11,4.54349E+11,4.62316E+11,4.83292E+11,5.05735E+11,5.17527E+11,5.26812E+11,5.49276E+11,5.77533E+11,5.81582E+11,6.00749E+11,6.18932E+11,6.30523E+11,6.45379E+11,6.64861E+11,6.8493E+11,7.05606E+11,7.26905E+11,7.48848E+11,7.71453E+11,7.9474E+11,8.1873E+11,8.43444E+11,8.68905E+11,8.95134E+11,9.22154E+11,9.49991E+11,9.78667E+11,1.00821E+12,1.03864E+12,1.07E+12
South Sudan,SSD,0,0,0,0,0,0,0,0,0,0,0,0,0,643933000,677150000,677150000,677150000,677150000,677150000,677150000,677150000,677150000,677150000,677150000,677150000,677150000,677150000,677150000,677150000,677150000,677150000,677150000
Sub-Saharan Africa,SSF,0.03018411,4.38494E+11,4.54403E+11,4.62371E+11,4.83348E+11,5.06041E+11,5.17798E+11,5.27103E+11,5.49519E+11,5.77594E+11,5.81642E+11,6.00811E+11,6.18993E+11,6.30583E+11,6.45441E+11,6.64923E+11,6.84993E+11,7.05669E+11,7.26969E+11,7.48911E+11,7.71517E+11,7.94804E+11,8.18795E+11,8.43509E+11,8.6897E+11,8.95199E+11,9.2222E+11,9.50056E+11,9.78733E+11,1.00827E+12,1.03871E+12,1.07006E+12
Small states,SST,0,0,0,0,0,71827095430,76003029170,84589037299,91207135195,0,0,0,0,0,0,0,0,0,0,0,0,0,0,0,0,0,0,0,0,0,0,0
Sao Tome and Principe,STP,0,0,0,0,0,38000000,43000000,44000000,44000000,0,0,0,0,0,0,0,0,0,0,0,0,0,0,0,0,0,0,0,0,0,0,0
Suriname,SUR,0.007152923,630682000,675344000,471936000,503479000,551649000,632064000,600747000,568388000,600357000,602877000,717306000,698702000,779612000,691912000,696861193.1,701845787.5,706866036.3,711922194.5,717014519,722143268.5,727308703.6,732511086.6,737750681.9,743027755.6,748342575.8,753695412.5,759086537.7,764516225.1,769984750.7,775492392.2,781039429.4
Slovak Republic,SVK,-0.003515581,17742948000,18593159000,18732449000,18639072000,18353040000,18828871000,18640690000,17846189000,18320016000,16733873000,17828404000,17350135000,16659264000,16948936000,16889350636,16829974750,16770807604,16711848465,16653096602,16594551285,16536211790,16478077392,16420147370,16362421006,16304897583,16247576389,16190456712,16133537844,16076819078,16020299713,15963979045
Slovenia,SVN,0.00521493,6413049000,6735378000,6830174000,6912271000,7131719000,7293403000,7323027000,7330960000,7755025000,7131151000,7332027000,7324509000,7043795000,6861683000,6897466194,6933435994,6969593375,7005939313,7042474793,7079200804,7116118337,7153228393,7190531976,7228030094,7265723762,7303613999,7341701832,7379988290,7418474409,7457161231,7496049802
Sweden,SWE,0.00294451,47555792000,50531548000,51783589000,50617918000,52588271000,51569035000,50206820000,50059598000,49601270000,45406513000,50903765000,49841231000,50162208000,49408673000,49554157335,49700070051,49846412407,49993185671,50140391109,50288029996,50436103606,50584613221,50733560125,50882945603,51032770949,51183037457,51333746426,51484899159,51636496963,51788541149,51941033030
Eswatini,SWZ,0,0,0,0,0,406000000,399000000,406000000,423000000,0,0,0,0,0,0,0,0,0,0,0,0,0,0,0,0,0,0,0,0,0,0,0
Sint Maarten (Dutch part),SXM,0,0,0,0,0,0,0,0,0,0,0,0,0,0,0,0,0,0,0,0,0,0,0,0,0,0,0,0,0,0,0,0
Seychelles,SYC,0,0,0,0,0,256000000,228000000,243000000,205000000,0,0,0,0,0,0,0,0,0,0,0,0,0,0,0,0,0,0,0,0,0,0,0
Syrian Arab Republic,SYR,-0.021522919,15440735000,15840644000,16459780000,16542464000,17288785000,20791815000,21629448000,22640787000,23100544000,21491491000,21659828000,19891932000,14845335000,11636611000,11386157161,11141093820,10901304957,10666677051,10437099022,10212462183,9992660184,9777588966,9567146708,9361233782,9159752703,8962608085,8769706595,8580956908,8396269666,8215557432,8038734653
Turks and Caicos Islands,TCA,0,0,0,0,0,0,0,0,0,0,0,0,0,0,0,0,0,0,0,0,0,0,0,0,0,0,0,0,0,0,0,0
Chad,TCD,0,0,0,0,0,0,0,0,0,0,0,0,0,0,0,0,0,0,0,0,0,0,0,0,0,0,0,0,0,0,0,0
East Asia & Pacific (IDA & IBRD countries),TEA,0.069303377,1.51112E+12,1.56556E+12,1.66609E+12,1.86182E+12,2.09038E+12,2.27888E+12,2.45758E+12,2.63469E+12,2.72053E+12,2.88819E+12,3.16827E+12,3.35626E+12,3.48734E+12,3.61087E+12,3.86111E+12,4.1287E+12,4.41483E+12,4.72079E+12,5.04796E+12,5.3978E+12,5.77189E+12,6.1719E+12,6.59963E+12,7.05701E+12,7.54608E+12,8.06905E+12,8.62827E+12,9.22623E+12,9.86564E+12,1.05494E+13,1.12805E+13
Europe & Central Asia (IDA & IBRD countries),TEC,0.012261671,1.15623E+12,1.16063E+12,1.17342E+12,1.21972E+12,1.23436E+12,1.23936E+12,1.28343E+12,1.29975E+12,1.3188E+12,1.22503E+12,1.30915E+12,1.36593E+12,1.37847E+12,1.35473E+12,1.37134E+12,1.38815E+12,1.40517E+12,1.4224E+12,1.43984E+12,1.4575E+12,1.47537E+12,1.49346E+12,1.51177E+12,1.53031E+12,1.54907E+12,1.56807E+12,1.58729E+12,1.60676E+12,1.62646E+12,1.6464E+12,1.66659E+12
Togo,TGO,0.03269647,2110736000,2105747000,2180561000,2302761000,2327027000,2371755000,2366795000,2456998000,2561621000,3115634000,3115239000,3133187000,3122998000,3206852000,3311704739,3419985792,3531807253,3647284881,3766538220,3889690722,4016869876,4148207339,4283839074,4423905488,4568551578,4717927086,4872186645,5031489947,5196001904,5365892822,5541338573
Thailand,THA,0.049650497,72285341000,74388159000,82260424000,89111187000,96295254000,99005442000,1.00956E+11,1.05235E+11,1.08101E+11,1.07701E+11,1.1784E+11,1.17701E+11,1.26196E+11,1.35716E+11,1.42455E+11,1.49527E+11,1.56952E+11,1.64744E+11,1.72924E+11,1.8151E+11,1.90522E+11,1.99981E+11,2.0991E+11,2.20333E+11,2.31272E+11,2.42755E+11,2.54808E+11,2.67459E+11,2.80739E+11,2.94678E+11,3.09308E+11
Tajikistan,TJK,0.014810277,2148662000,2120802000,2127374000,2168032000,2344627000,2340097000,2412855000,2578816000,2453826000,2132306000,2175967000,2182191000,2346770000,2601185000,2639709271,2678804097,2718477928,2758739339,2799597034,2841059842,2883136725,2925836779,2969169233,3013143452,3057768942,3103055347,3149012457,3195650204,3242978670,3291008083,3339748824
Turkmenistan,TKM,0.044496167,14879615000,15161781000,15819576000,17637847000,18414757000,19175279000,19638709000,22377955000,22642593000,19883009000,22685130000,24679402000,25537494000,26204794000,27370806881,28588702865,29860790552,31189481265,32577293622,34026858308,35540923066,37122357901,38774160525,40499462034,42301532846,44183788901,46149798135,48203287244,50348148747,52588448364,54928432727
Latin America & the Caribbean (IDA & IBRD countries),TLA,0.027933937,5.8139E+11,5.88868E+11,5.99793E+11,6.14777E+11,6.40595E+11,6.65752E+11,6.96827E+11,7.09464E+11,7.33487E+11,7.27351E+11,7.66694E+11,7.82811E+11,8.16047E+11,8.31793E+11,8.55028E+11,8.78913E+11,9.03464E+11,9.28701E+11,9.54644E+11,9.81311E+11,1.00872E+12,1.0369E+12,1.06586E+12,1.09564E+12,1.12624E+12,1.1577E+12,1.19004E+12,1.22329E+12,1.25746E+12,1.29258E+12,1.32869E+12
Timor-Leste,TLS,0,0,0,0,0,58000000,58000000,59000000,61000000,0,0,0,0,0,0,0,0,0,0,0,0,0,0,0,0,0,0,0,0,0,0,0
Middle East & North Africa (IDA & IBRD countries),TMN,0.041496264,2.81411E+11,3.02802E+11,3.10913E+11,3.18334E+11,3.41117E+11,3.73162E+11,3.87362E+11,4.05168E+11,4.29029E+11,4.4143E+11,4.46685E+11,4.50276E+11,4.70042E+11,4.7741E+11,4.97221E+11,5.17854E+11,5.39343E+11,5.61724E+11,5.85033E+11,6.0931E+11,6.34594E+11,6.60927E+11,6.88353E+11,7.16917E+11,7.46667E+11,7.77651E+11,8.0992E+11,8.43529E+11,8.78532E+11,9.14988E+11,9.52957E+11
Tonga,TON,0,0,0,0,0,57000000,57000000,57000000,58000000,0,0,0,0,0,0,0,0,0,0,0,0,0,0,0,0,0,0,0,0,0,0,0
South Asia (IDA & IBRD),TSA,0.042203541,5.48188E+11,5.57577E+11,5.72877E+11,5.89259E+11,6.20774E+11,6.44915E+11,6.77723E+11,7.14934E+11,7.43728E+11,8.08886E+11,8.44301E+11,8.77473E+11,9.17198E+11,9.38236E+11,9.77833E+11,1.0191E+12,1.06211E+12,1.10694E+12,1.15365E+12,1.20234E+12,1.25308E+12,1.30597E+12,1.36108E+12,1.41853E+12,1.47839E+12,1.54079E+12,1.60581E+12,1.67359E+12,1.74422E+12,1.81783E+12,1.89455E+12
Sub-Saharan Africa (IDA & IBRD countries),TSS,0.03018411,4.38494E+11,4.54403E+11,4.62371E+11,4.83348E+11,5.06041E+11,5.17798E+11,5.27103E+11,5.49519E+11,5.77594E+11,5.81642E+11,6.00811E+11,6.18993E+11,6.30583E+11,6.45441E+11,6.64923E+11,6.84993E+11,7.05669E+11,7.26969E+11,7.48911E+11,7.71517E+11,7.94804E+11,8.18795E+11,8.43509E+11,8.6897E+11,8.95199E+11,9.2222E+11,9.50056E+11,9.78733E+11,1.00827E+12,1.03871E+12,1.07006E+12
Trinidad and Tobago,TTO,0.05444243,9839243000,10987972000,11956469000,13371723000,14036681000,16116205000,17981872000,19125683000,18569355000,18771142000,20066512000,19743335000,19247549000,19600134000,20667212928,21792386225,22978816691,24229839316,25548970652,26939918703,28406593347,29953117323,31583837823,33303338710,35116453403,37028278467,39044187934,41169848411,43411235010,45774648142,48266731230
Tunisia,TUN,0.027631914,7305910000,7711126000,7813638000,8027585000,8462733000,8314425000,8751725000,9038797000,9426918000,9157833000,10281731000,9813460000,10244131000,10412689000,10700411523,10996084370,11299927223,11612165836,11933032199,12262764714,12601608369,12949814923,13307643090,13675358735,14053235066,14441552843,14840600584,15250674777,15672080105,16105129669,16550145220
Turkey,TUR,0.033747172,75956906000,70238164000,74223504000,77878409000,80725833000,84211524000,93152208000,1E+11,98711078000,97790934000,1.06658E+11,1.13506E+11,1.18223E+11,1.16937E+11,1.20884E+11,1.24963E+11,1.2918E+11,1.3354E+11,1.38046E+11,1.42705E+11,1.47521E+11,1.52499E+11,1.57646E+11,1.62966E+11,1.68466E+11,1.74151E+11,1.80028E+11,1.86103E+11,1.92384E+11,1.98876E+11,2.05588E+11
Tuvalu,TUV,0,0,0,0,0,0,0,0,0,0,0,0,0,0,0,0,0,0,0,0,0,0,0,0,0,0,0,0,0,0,0,0
Tanzania,TZA,0.045545042,13461985000,14216464000,14937931000,15527929000,16466555000,17243055000,17863751000,18495565000,19119866000,19657023000,20662354000,21842606000,23181207000,24019547000,25113518277,26257314523,27453205016,28703562392,30010867347,31377713562,32806812844,34301000514,35863241024,37496633843,39204419607,40989986546,42856877205,44808795479,46849613952,48983381588,51214331760
Uganda,UGA,0,0,0,0,0,0,0,0,0,0,0,0,0,0,0,0,0,0,0,0,0,0,0,0,0,0,0,0,0,0,0,0
Ukraine,UKR,-0.010825762,1.33794E+11,1.34096E+11,1.35601E+11,1.44641E+11,1.4385E+11,1.42879E+11,1.37336E+11,1.39352E+11,1.34642E+11,1.14536E+11,1.32428E+11,1.26557E+11,1.22512E+11,1.1614E+11,1.14883E+11,1.13639E+11,1.12409E+11,1.11192E+11,1.09988E+11,1.08798E+11,1.0762E+11,1.06455E+11,1.05302E+11,1.04162E+11,1.03035E+11,1.01919E+11,1.00816E+11,99724510089,98644916266,97577009869,96520664373
Upper middle income,UMC,0.049894752,2.7818E+12,2.8483E+12,2.94733E+12,3.19792E+12,3.45903E+12,3.67032E+12,3.90447E+12,4.11492E+12,4.24368E+12,4.32887E+12,4.68312E+12,4.94536E+12,5.11125E+12,5.23868E+12,5.50006E+12,5.77448E+12,6.0626E+12,6.36509E+12,6.68268E+12,7.01611E+12,7.36617E+12,7.73371E+12,8.11958E+12,8.5247E+12,8.95004E+12,9.3966E+12,9.86544E+12,1.03577E+13,1.08745E+13,1.1417E+13,1.19867E+13
Uruguay,URY,0.031070719,3091889000,2711575000,2538084000,2522978000,2869031000,2957157000,3182672000,3165544000,4153147000,4130090000,4087035000,4418316000,4637305000,4602288000,4745284398,4892723796,5044744243,5201488074,5363102049,5529737486,5701550406,5878701677,6061357166,6249687891,6443870188,6644085869,6850522394,7063373051,7282837131,7509120118,7742433879
United States,USA,-0.003129158,2.27334E+12,2.2307E+12,2.25594E+12,2.26117E+12,2.30777E+12,2.31877E+12,2.29682E+12,2.337E+12,2.27708E+12,2.16482E+12,2.21522E+12,2.19042E+12,2.15698E+12,2.18258E+12,2.17575E+12,2.16895E+12,2.16216E+12,2.15539E+12,2.14865E+12,2.14192E+12,2.13522E+12,2.12854E+12,2.12188E+12,2.11524E+12,2.10862E+12,2.10202E+12,2.09545E+12,2.08889E+12,2.08235E+12,2.07584E+12,2.06934E+12
Uzbekistan,UZB,-0.012967319,50868205000,51182594000,53306405000,51538433000,50801000000,47084983000,48101332000,47769014000,49781518000,44205453000,43209813000,47348220000,48412984000,42929550000,42372868831,41823406325,41281068874,40745764086,40217400766,39695888902,39181139648,38673065312,38171579338,37676596293,37188031851,36705802779,36229826926,35760023204,35296311576,34838613045,34386849637
St. Vincent and the Grenadines,VCT,0,0,0,0,0,66000000,67000000,70000000,70000000,0,0,0,0,0,0,0,0,0,0,0,0,0,0,0,0,0,0,0,0,0,0,0
"Venezuela, RB",VEN,0.022834006,51272569000,53059494000,57589219000,52959916000,56419192000,56304770000,62726180000,58017752000,64886220000,65022234000,72380425000,67197750000,73061803000,68762576000,70332701061,71938678368,73581326569,75261483009,76980004151,78737766015,80535664623,82374616459,84255558931,86179450855,88147272939,90160028283,92218742895,94324466208,96478271619,98681257036,1.00935E+11
British Virgin Islands,VGB,0,0,0,0,0,0,0,0,0,0,0,0,0,0,0,0,0,0,0,0,0,0,0,0,0,0,0,0,0,0,0,0
Virgin Islands (U.S.),VIR,0,0,0,0,0,0,0,0,0,0,0,0,0,0,0,0,0,0,0,0,0,0,0,0,0,0,0,0,0,0,0,0
Vietnam,VNM,0.058166091,28736049000,30645539000,33441374000,35110722000,38967724000,41251743000,42271194000,45484892000,48635072000,53063231000,58911929000,58882490000,59926996000,59927613000,63413367974,67101875687,71004929475,75135008643,79505318371,84129831931,89023335367,94201474766,99680806292,1.05479E+11,1.11614E+11,1.18106E+11,1.24976E+11,1.32245E+11,1.39938E+11,1.48077E+11,1.5669E+11
Vanuatu,VUT,0,0,0,0,0,30000000,30000000,31000000,35000000,0,0,0,0,0,0,0,0,0,0,0,0,0,0,0,0,0,0,0,0,0,0,0
World,WLD,0.023804113,1.00104E+13,1.01359E+13,1.03455E+13,1.0725E+13,1.11897E+13,1.15066E+13,1.18448E+13,1.21739E+13,1.23628E+13,1.22853E+13,1.29761E+13,1.31775E+13,1.3411E+13,1.35916E+13,1.39152E+13,1.42464E+13,1.45855E+13,1.49327E+13,1.52882E+13,1.56521E+13,1.60247E+13,1.64061E+13,1.67967E+13,1.71965E+13,1.76058E+13,1.80249E+13,1.8454E+13,1.88933E+13,1.9343E+13,1.98035E+13,2.02749E+13
Samoa,WSM,0,0,0,0,0,56000000,57000000,57000000,58000000,0,0,0,0,0,0,0,0,0,0,0,0,0,0,0,0,0,0,0,0,0,0,0
Kosovo,XKX,0.03306037,1544635000,1901674000,1893560000,1993548000,2004745000,1945761000,1966218000,2044669000,2215231000,2434282000,2494903000,2527948000,2368032000,2357545000,2435486310,2516004388,2599184424,2685114422,2773885298,2865590972,2960328470,3058198024,3159303182,3263750914,3371651726,3483119779,3598273008,3717233244,3840126350,3967082348,4098235558
"Yemen, Rep.",YEM,0.043587243,4746783000,5264813000,5099979000,5666403000,6184727000,6587378000,7052137000,6901225000,7277406000,8075357000,7832364000,6614546000,5982168000,8265579000,8625852804,9001829950,9394194904,9803661964,10230976565,10676916631,11142293995,11627955876,12134786420,12663708310,13215684447,13791719702,14392862746,15020207959,15674897420,16358122989,17071128478
South Africa,ZAF,0.019264065,1.09041E+11,1.12152E+11,1.1003E+11,1.17655E+11,1.28458E+11,1.28251E+11,1.27323E+11,1.36338E+11,1.46857E+11,1.43965E+11,1.41773E+11,1.41278E+11,1.39303E+11,1.39739E+11,1.42431E+11,1.45175E+11,1.47972E+11,1.50822E+11,1.53728E+11,1.56689E+11,1.59708E+11,1.62784E+11,1.6592E+11,1.69116E+11,1.72374E+11,1.75695E+11,1.79079E+11,1.82529E+11,1.86046E+11,1.8963E+11,1.93283E+11
Zambia,ZMB,0.033791633,6249921000,6448236000,6667814000,6889469000,7088079000,7323734000,7488015000,7490583000,7750642000,7939748000,8223535000,8685977000,9117817000,9627282000,9952603577,10288918300,10636597648,10996025648,11367599307,11751729047,12148839157,12559368267,12983769825,13422512606,13876081221,14344976659,14829716841,15330837184,15848891202,16384451111,16938108464
Zimbabwe,ZWE,0.00928216,10008551000,9981595000,9806372000,9378313000,9163009000,9616172000,9845777000,9649960000,8966416000,9136908000,9458947000,10251684000,10810054000,11285868000,11390625237,11496354847,11603065856,11710767374,11819468594,11929178797,12039907348,12151663698,12264457389,12378298050,12493195397,12609159240,12726199478,12844326102,12963549197,13083878939,13205325602
