Country Name,Country Code,Trend,2000,2001,2002,2003,2004,2005,2006,2007,2008,2009,2010,2011,2012,2013,2014,2015,2016,2017,2018,2019,2020,2021,2022,2023,2024,2025,2026,2027,2028,2029,2030
Aruba,ABW,0,0,0,0,0,0,0,0,0,0,0,0,0,0,0,0,0,0,0,0,0,0,0,0,0,0,0,0,0,0,0,0
Africa Eastern and Southern,AFE,0.020273016,1.90E+13,1.98E+13,1.97E+13,2.04E+13,2.11E+13,2.12E+13,2.15E+13,2.22E+13,2.37E+13,2.37E+13,2.45E+13,2.49E+13,2.44E+13,2.47E+13,2.52E+13,2.57E+13,2.62E+13,2.68E+13,2.73E+13,2.78E+13,2.84E+13,2.90E+13,2.96E+13,3.02E+13,3.08E+13,3.14E+13,3.20E+13,3.27E+13,3.34E+13,3.40E+13,3.47E+13
Afghanistan,AFG,0,0,0,0,0,0,0,0,0,0,0,0,0,0,0,0,0,0,0,0,0,0,0,0,0,0,0,0,0,0,0,0
Africa Western and Central,AFW,0.031955734,1.22E+13,1.25E+13,1.29E+13,1.33E+13,1.40E+13,1.45E+13,1.49E+13,1.55E+13,1.59E+13,1.61E+13,1.69E+13,1.75E+13,1.83E+13,1.84E+13,1.89E+13,1.95E+13,2.02E+13,2.08E+13,2.15E+13,2.22E+13,2.29E+13,2.36E+13,2.44E+13,2.51E+13,2.59E+13,2.68E+13,2.76E+13,2.85E+13,2.94E+13,3.04E+13,3.13E+13
Angola,AGO,0.017975614,5.28E+11,5.43E+11,5.53E+11,5.52E+11,5.40E+11,5.76E+11,5.74E+11,5.77E+11,5.86E+11,6.08E+11,6.18E+11,6.22E+11,6.86E+11,6.66E+11,6.78E+11,6.90E+11,7.02E+11,7.15E+11,7.28E+11,7.41E+11,7.54E+11,7.68E+11,7.81E+11,7.96E+11,8.10E+11,8.24E+11,8.39E+11,8.54E+11,8.70E+11,8.85E+11,9.01E+11
Albania,ALB,0.019709657,74317681433,71510682683,72287431795,66497028231,77817167832,79894309613,67076268362,64817157796,75228211300,79784584860,78831059416,79919340706,79900173723,95782699285,97670543447,99595596370,1.02E+11,1.04E+11,1.06E+11,1.08E+11,1.10E+11,1.12E+11,1.14E+11,1.16E+11,1.19E+11,1.21E+11,1.23E+11,1.26E+11,1.28E+11,1.31E+11,1.33E+11
Andorra,AND,0,0,0,0,0,0,0,0,0,0,0,0,0,0,0,0,0,0,0,0,0,0,0,0,0,0,0,0,0,0,0,0
Arab World,ARB,0.01596022,2.40E+12,2.52E+12,2.58E+12,2.66E+12,2.96E+12,2.98E+12,3.09E+12,2.92E+12,2.92E+12,3.01E+12,3.03E+12,2.96E+12,2.91E+12,2.95E+12,3.00E+12,3.05E+12,3.10E+12,3.14E+12,3.19E+12,3.25E+12,3.30E+12,3.35E+12,3.40E+12,3.46E+12,3.51E+12,3.57E+12,3.63E+12,3.68E+12,3.74E+12,3.80E+12,3.86E+12
United Arab Emirates,ARE,0.087866884,2408295370,2601075611,2651713927,2600999878,4202006094,4681181925,5423627733,5655789398,6572524254,6456953795,6748889625,7025492123,6962107441,7197714020,7830154725,8518166025,9266630734,10080860706,10966634528,11930238536,12978511426,14118892788,15359475908,16709065202,18177238702,19774416033,21511932361,23402118834,25458390104,27695339523,30128842719
Argentina,ARG,0.015451853,6.06E+11,6.74E+11,6.61E+11,6.59E+11,6.18E+11,6.45E+11,6.68E+11,5.69E+11,5.94E+11,6.49E+11,6.91E+11,7.11E+11,6.96E+11,7.40E+11,7.51E+11,7.63E+11,7.75E+11,7.87E+11,7.99E+11,8.11E+11,8.24E+11,8.37E+11,8.49E+11,8.63E+11,8.76E+11,8.89E+11,9.03E+11,9.17E+11,9.31E+11,9.46E+11,9.60E+11
Armenia,ARM,0.023975256,14430378282,10867126854,16694697541,19434352755,18236308437,16303371309,19575260956,20013285653,19235655070,20353328501,23235558918,21744096744,19498377912,19635443915,20106208708,20588260208,21081869016,21587312221,22104873557,22634843558,23177519726,23733206694,24302216398,24884868257,25481489342,26092414571,26717986889,27358557463,28014485880,28686140349,29373897906
American Samoa,ASM,0,0,0,0,0,0,0,0,0,0,0,0,0,0,0,0,0,0,0,0,0,0,0,0,0,0,0,0,0,0,0,0
Antigua and Barbuda,ATG,0,0,0,0,0,0,0,0,0,0,0,0,0,0,0,0,0,0,0,0,0,0,0,0,0,0,0,0,0,0,0,0
Australia,AUS,0.019161246,9.11E+11,8.85E+11,9.57E+11,7.92E+11,7.53E+11,7.62E+11,8.10E+11,8.50E+11,8.61E+11,9.09E+11,1.04E+12,1.07E+12,1.05E+12,1.17E+12,1.19E+12,1.21E+12,1.23E+12,1.26E+12,1.28E+12,1.31E+12,1.33E+12,1.36E+12,1.38E+12,1.41E+12,1.44E+12,1.46E+12,1.49E+12,1.52E+12,1.55E+12,1.58E+12,1.61E+12
Austria,AUT,0.032997441,7.56E+11,7.72E+11,7.53E+11,7.28E+11,7.59E+11,8.21E+11,9.02E+11,9.68E+11,9.98E+11,9.92E+11,1.05E+12,1.04E+12,1.12E+12,1.15E+12,1.19E+12,1.23E+12,1.27E+12,1.31E+12,1.36E+12,1.40E+12,1.45E+12,1.50E+12,1.54E+12,1.60E+12,1.65E+12,1.70E+12,1.76E+12,1.82E+12,1.88E+12,1.94E+12,2.00E+12
Azerbaijan,AZE,0.03184076,23326693800,20052123854,27178587093,35795535430,39251837196,45172552763,37857436587,45886454043,41112479711,39017634323,51543861436,44665004241,38957095882,35060493215,36176845962,37328744229,38517319812,39743740544,41009211445,42314975901,43662316890,45052558239,46487065929,47967249435,49494563108,51070507609,52696631380,54374532169,56105858593,57892311766,59735646966
Burundi,BDI,0,0,0,0,0,0,0,0,0,0,0,0,0,0,0,0,0,0,0,0,0,0,0,0,0,0,0,0,0,0,0,0
Belgium,BEL,0.13816686,83910778354,91600646923,93650342587,1.10E+11,1.18E+11,1.43E+11,1.63E+11,1.89E+11,2.28E+11,2.71E+11,3.52E+11,3.73E+11,4.18E+11,4.51E+11,5.14E+11,5.85E+11,6.65E+11,7.57E+11,8.62E+11,9.81E+11,1.12E+12,1.27E+12,1.45E+12,1.65E+12,1.87E+12,2.13E+12,2.43E+12,2.76E+12,3.14E+12,3.58E+12,4.07E+12
Benin,BEN,0.03249672,1.39E+11,1.41E+11,1.45E+11,1.47E+11,1.51E+11,1.48E+11,1.69E+11,1.75E+11,1.79E+11,1.82E+11,1.72E+11,1.83E+11,1.96E+11,2.11E+11,2.18E+11,2.25E+11,2.32E+11,2.40E+11,2.48E+11,2.56E+11,2.64E+11,2.73E+11,2.82E+11,2.91E+11,3.00E+11,3.10E+11,3.20E+11,3.30E+11,3.41E+11,3.52E+11,3.64E+11
Burkina Faso,BFA,0,0,0,0,0,0,0,0,0,0,0,0,0,0,0,0,0,0,0,0,0,0,0,0,0,0,0,0,0,0,0,0
Bangladesh,BGD,0.015283234,1.08E+12,1.11E+12,1.11E+12,1.13E+12,1.14E+12,1.16E+12,1.19E+12,1.21E+12,1.22E+12,1.23E+12,1.25E+12,1.25E+12,1.28E+12,1.31E+12,1.33E+12,1.35E+12,1.37E+12,1.39E+12,1.42E+12,1.44E+12,1.46E+12,1.48E+12,1.50E+12,1.53E+12,1.55E+12,1.57E+12,1.60E+12,1.62E+12,1.65E+12,1.67E+12,1.70E+12
Bulgaria,BGR,0.057902321,1.48E+11,1.40E+11,1.64E+11,1.77E+11,1.81E+11,1.96E+11,2.04E+11,1.78E+11,1.97E+11,2.03E+11,2.55E+11,2.54E+11,2.87E+11,3.08E+11,3.26E+11,3.45E+11,3.65E+11,3.86E+11,4.08E+11,4.32E+11,4.57E+11,4.83E+11,5.11E+11,5.41E+11,5.72E+11,6.05E+11,6.40E+11,6.77E+11,7.17E+11,7.58E+11,8.02E+11
Bahrain,BHR,0,0,0,0,0,0,0,0,0,0,0,0,0,0,0,0,0,0,0,0,0,0,0,0,0,0,0,0,0,0,0,0
"Bahamas, The",BHS,0,0,0,0,0,1056756029,1191204034,1419624719,2510356271,0,0,0,0,0,0,0,0,0,0,0,0,0,0,0,0,0,0,0,0,0,0,0
Bosnia and Herzegovina,BIH,0.031388209,84110851122,85152514063,93475403989,88598236871,96662151359,99462430318,96058018491,78714756507,85116456668,1.08E+11,1.27E+11,1.01E+11,1.02E+11,1.26E+11,1.30E+11,1.34E+11,1.38E+11,1.42E+11,1.47E+11,1.51E+11,1.56E+11,1.61E+11,1.66E+11,1.71E+11,1.77E+11,1.82E+11,1.88E+11,1.94E+11,2.00E+11,2.06E+11,2.13E+11
Belarus,BLR,0.02455903,1.39E+11,1.54E+11,1.64E+11,1.62E+11,1.68E+11,1.83E+11,2.05E+11,2.03E+11,1.98E+11,1.96E+11,2.01E+11,2.21E+11,2.21E+11,1.90E+11,1.95E+11,2.00E+11,2.04E+11,2.09E+11,2.15E+11,2.20E+11,2.25E+11,2.31E+11,2.37E+11,2.42E+11,2.48E+11,2.54E+11,2.61E+11,2.67E+11,2.74E+11,2.80E+11,2.87E+11
Belize,BLZ,0,0,0,0,0,4962743530,4993060835,6329875443,5751304504,0,0,0,0,0,0,0,0,0,0,0,0,0,0,0,0,0,0,0,0,0,0,0
Bermuda,BMU,0,0,0,0,0,0,0,0,0,0,0,0,0,0,0,0,0,0,0,0,0,0,0,0,0,0,0,0,0,0,0,0
Bolivia,BOL,-0.031643039,1.46E+11,1.14E+11,1.29E+11,1.25E+11,1.20E+11,1.20E+11,1.42E+11,1.09E+11,1.02E+11,96919720592,99968429739,93201817742,1.01E+11,96052079217,93012699526,90069495045,87219422498,84459534908,81786978549,79198989995,76692893264,74266097050,71916092043,69640448336,67436812911,65302907209,63236524767,61235528946,59297850714,57421486510,55604496171
Brazil,BRA,0.034535239,8.02E+12,7.90E+12,8.41E+12,9.00E+12,9.52E+12,9.96E+12,1.04E+13,1.11E+13,1.17E+13,1.18E+13,1.25E+13,1.22E+13,1.23E+13,1.25E+13,1.29E+13,1.33E+13,1.38E+13,1.43E+13,1.48E+13,1.53E+13,1.58E+13,1.64E+13,1.69E+13,1.75E+13,1.81E+13,1.87E+13,1.94E+13,2.00E+13,2.07E+13,2.15E+13,2.22E+13
Barbados,BRB,0,0,0,0,0,3723712564,3863768892,3941433805,3893950560,0,0,0,0,0,0,0,0,0,0,0,0,0,0,0,0,0,0,0,0,0,0,0
Brunei Darussalam,BRN,0,0,0,0,0,0,0,0,0,0,0,0,61191580.05,56684680.82,41069134.07,41069134.07,41069134.07,41069134.07,41069134.07,41069134.07,41069134.07,41069134.07,41069134.07,41069134.07,41069134.07,41069134.07,41069134.07,41069134.07,41069134.07,41069134.07,41069134.07,41069134.07
Bhutan,BTN,0,0,0,0,0,16822169495,18700067963,19395774803,22465616058,0,0,0,0,0,0,0,0,0,0,0,0,0,0,0,0,0,0,0,0,0,0,0
Botswana,BWA,0.006530436,65637577360,64792100767,63202246509,62960173577,58105683113,57427664476,56789105299,55423792849,57671365649,55978299848,65264577829,62034910712,69483906266,71433576505,71900068873,72369607640,72842212699,73317904076,73796701924,74278626530,74763698314,75251937829,75743365759,76238002929,76735870294,77236988950,77741380130,78249065203,78760065681,79274403215,79792099597
Central African Republic,CAF,0,0,0,0,0,0,0,0,0,0,0,0,0,0,0,0,0,0,0,0,0,0,0,0,0,0,0,0,0,0,0,0
Canada,CAN,0.006556798,5.59E+12,5.38E+12,5.46E+12,5.59E+12,5.83E+12,5.97E+12,5.88E+12,5.90E+12,5.97E+12,5.90E+12,5.79E+12,5.93E+12,5.95E+12,6.08E+12,6.12E+12,6.16E+12,6.21E+12,6.25E+12,6.29E+12,6.33E+12,6.37E+12,6.41E+12,6.45E+12,6.50E+12,6.54E+12,6.58E+12,6.62E+12,6.67E+12,6.71E+12,6.76E+12,6.80E+12
Central Europe and the Baltics,CEB,0.041898733,2.54E+12,2.58E+12,2.68E+12,2.79E+12,2.94E+12,3.10E+12,3.13E+12,3.20E+12,3.43E+12,3.64E+12,4.00E+12,4.05E+12,4.18E+12,4.34E+12,4.52E+12,4.71E+12,4.91E+12,5.11E+12,5.33E+12,5.55E+12,5.78E+12,6.03E+12,6.28E+12,6.54E+12,6.82E+12,7.10E+12,7.40E+12,7.71E+12,8.03E+12,8.37E+12,8.72E+12
Switzerland,CHE,0.019364155,4.55E+11,4.97E+11,4.71E+11,4.69E+11,4.72E+11,4.86E+11,4.89E+11,4.97E+11,5.23E+11,5.39E+11,5.39E+11,5.22E+11,5.61E+11,5.84E+11,5.95E+11,6.07E+11,6.18E+11,6.30E+11,6.42E+11,6.55E+11,6.68E+11,6.80E+11,6.94E+11,7.07E+11,7.21E+11,7.35E+11,7.49E+11,7.63E+11,7.78E+11,7.93E+11,8.09E+11
Channel Islands,CHI,0,0,0,0,0,0,0,0,0,0,0,0,0,0,0,0,0,0,0,0,0,0,0,0,0,0,0,0,0,0,0,0
Chile,CHL,0.03071772,7.89E+11,7.94E+11,8.46E+11,8.17E+11,8.65E+11,9.15E+11,9.72E+11,9.33E+11,9.35E+11,9.31E+11,8.34E+11,9.68E+11,1.13E+12,1.17E+12,1.21E+12,1.24E+12,1.28E+12,1.32E+12,1.36E+12,1.40E+12,1.45E+12,1.49E+12,1.54E+12,1.58E+12,1.63E+12,1.68E+12,1.73E+12,1.79E+12,1.84E+12,1.90E+12,1.96E+12
China,CHN,0.002303316,3.36E+13,3.35E+13,3.40E+13,3.44E+13,3.31E+13,3.17E+13,3.25E+13,3.20E+13,3.13E+13,3.18E+13,3.21E+13,3.18E+13,3.36E+13,3.46E+13,3.47E+13,3.48E+13,3.49E+13,3.49E+13,3.50E+13,3.51E+13,3.52E+13,3.53E+13,3.53E+13,3.54E+13,3.55E+13,3.56E+13,3.57E+13,3.58E+13,3.58E+13,3.59E+13,3.60E+13
Cote d'Ivoire,CIV,0.064931477,4.33E+11,4.23E+11,4.56E+11,4.64E+11,7.01E+11,7.49E+11,7.07E+11,7.77E+11,7.59E+11,6.90E+11,7.66E+11,9.20E+11,9.45E+11,9.80E+11,1.04E+12,1.11E+12,1.18E+12,1.26E+12,1.34E+12,1.43E+12,1.52E+12,1.62E+12,1.73E+12,1.84E+12,1.96E+12,2.09E+12,2.22E+12,2.36E+12,2.52E+12,2.68E+12,2.86E+12
Cameroon,CMR,0.004276309,5.33E+11,5.44E+11,5.57E+11,5.80E+11,5.99E+11,6.08E+11,5.74E+11,5.12E+11,5.16E+11,5.47E+11,5.48E+11,5.27E+11,5.43E+11,5.63E+11,5.66E+11,5.68E+11,5.71E+11,5.73E+11,5.76E+11,5.78E+11,5.81E+11,5.83E+11,5.86E+11,5.88E+11,5.91E+11,5.93E+11,5.96E+11,5.98E+11,6.01E+11,6.03E+11,6.06E+11
"Congo, Dem. Rep.",COD,0.050408711,1.36E+12,1.41E+12,1.46E+12,1.51E+12,1.57E+12,1.62E+12,1.68E+12,1.74E+12,1.80E+12,1.86E+12,1.92E+12,2.03E+12,2.50E+12,2.58E+12,2.71E+12,2.85E+12,2.99E+12,3.14E+12,3.30E+12,3.47E+12,3.64E+12,3.83E+12,4.02E+12,4.22E+12,4.43E+12,4.66E+12,4.89E+12,5.14E+12,5.40E+12,5.67E+12,5.96E+12
"Congo, Rep.",COG,0.102665202,46039243789,48681752251,54930508319,58639606520,63212605520,68582140429,98480473976,76026905749,76665566251,86256125115,91890346307,1.44E+11,1.67E+11,1.64E+11,1.81E+11,1.99E+11,2.20E+11,2.42E+11,2.67E+11,2.95E+11,3.25E+11,3.58E+11,3.95E+11,4.36E+11,4.81E+11,5.30E+11,5.84E+11,6.44E+11,7.10E+11,7.83E+11,8.64E+11
Colombia,COL,0.03177353,7.24E+11,7.00E+11,7.26E+11,7.90E+11,7.59E+11,7.88E+11,8.45E+11,8.61E+11,8.88E+11,9.49E+11,9.28E+11,9.03E+11,9.12E+11,1.09E+12,1.12E+12,1.16E+12,1.19E+12,1.23E+12,1.27E+12,1.31E+12,1.35E+12,1.40E+12,1.44E+12,1.49E+12,1.53E+12,1.58E+12,1.63E+12,1.68E+12,1.74E+12,1.79E+12,1.85E+12
Comoros,COM,0,0,0,0,0,1447023056,1670627686,1748678421,2287902569,0,0,0,0,0,0,0,0,0,0,0,0,0,0,0,0,0,0,0,0,0,0,0
Cabo Verde,CPV,0,0,0,0,0,2859213951,2420678667,2303455708,2248407677,0,0,0,0,0,0,0,0,0,0,0,0,0,0,0,0,0,0,0,0,0,0,0
Costa Rica,CRI,0.052029686,94674532011,92815144393,98955565449,1.09E+11,1.51E+11,1.61E+11,1.77E+11,1.86E+11,1.87E+11,1.86E+11,1.88E+11,1.77E+11,1.80E+11,1.83E+11,1.93E+11,2.03E+11,2.13E+11,2.24E+11,2.36E+11,2.48E+11,2.61E+11,2.75E+11,2.89E+11,3.04E+11,3.20E+11,3.36E+11,3.54E+11,3.72E+11,3.92E+11,4.12E+11,4.34E+11
Caribbean small states,CSS,0.010292482,2.24E+11,2.22E+11,2.34E+11,2.49E+11,1.83E+11,1.71E+11,1.89E+11,1.79E+11,2.41E+11,2.63E+11,2.70E+11,3.04E+11,2.82E+11,2.56E+11,2.59E+11,2.62E+11,2.64E+11,2.67E+11,2.70E+11,2.72E+11,2.75E+11,2.78E+11,2.81E+11,2.84E+11,2.87E+11,2.90E+11,2.93E+11,2.96E+11,2.99E+11,3.02E+11,3.05E+11
Cuba,CUB,-0.055233588,4.39E+11,4.24E+11,4.04E+11,3.87E+11,3.81E+11,2.81E+11,2.34E+11,1.89E+11,2.02E+11,2.04E+11,1.80E+11,2.07E+11,2.23E+11,2.10E+11,1.98E+11,1.87E+11,1.77E+11,1.67E+11,1.58E+11,1.49E+11,1.41E+11,1.33E+11,1.26E+11,1.19E+11,1.12E+11,1.06E+11,1.00E+11,94588259002,89363810074,84427926206,79764668914
Curacao,CUW,0.240685755,151719594.4,1352229647,1271096915,1231509341,1274140506,1198320748,1151628200,1261481264,1054863649,1111085027,971250947.4,1143635711,1451558389,2504061657,3106753627,3854504969,4782229406,5933243900,7361291186,9133049111,11331243930,14058512927,17442196721,21640285002,26848793330,33310915416,41328378234,51275530140,63616819810,78928482099,97925443382
Cayman Islands,CYM,0,0,0,0,0,0,0,0,0,0,0,0,0,0,0,0,0,0,0,0,0,0,0,0,0,0,0,0,0,0,0,0
Cyprus,CYP,0.084656154,6618731985,6444399692,6808995389,7596189694,7227524247,7468277272,8117967931,10623294731,14204879550,16020423346,16073747817,18236445968,19438610506,19035833384,20647333823,22395257691,24291154071,26347549746,28578031970,30997338240,33621453674,36467716628,39554933256,42903501770,46535547215,50475067658,54748092750,59382855711,64409979878,69862681042,75776986914
Czech Republic,CZE,0.069986385,2.43E+11,2.64E+11,3.09E+11,2.99E+11,3.24E+11,3.39E+11,3.62E+11,3.83E+11,4.04E+11,4.32E+11,4.86E+11,5.20E+11,5.46E+11,5.85E+11,6.26E+11,6.70E+11,7.17E+11,7.67E+11,8.21E+11,8.79E+11,9.40E+11,1.01E+12,1.08E+12,1.15E+12,1.23E+12,1.32E+12,1.41E+12,1.51E+12,1.62E+12,1.73E+12,1.85E+12
Germany,DEU,0.100583772,1.25E+12,1.35E+12,1.50E+12,1.83E+12,2.15E+12,2.45E+12,2.98E+12,3.43E+12,3.40E+12,3.33E+12,3.79E+12,3.90E+12,4.25E+12,4.33E+12,4.77E+12,5.24E+12,5.77E+12,6.35E+12,6.99E+12,7.69E+12,8.47E+12,9.32E+12,1.03E+13,1.13E+13,1.24E+13,1.37E+13,1.51E+13,1.66E+13,1.82E+13,2.01E+13,2.21E+13
Djibouti,DJI,0,0,0,0,0,4471619675,4600135708,4719972630,4650917568,0,0,0,0,0,0,0,0,0,0,0,0,0,0,0,0,0,0,0,0,0,0,0
Dominica,DMA,0,0,0,0,0,449849410.1,441647907.3,413439582.8,371098616.6,0,0,0,0,0,0,0,0,0,0,0,0,0,0,0,0,0,0,0,0,0,0,0
Denmark,DNK,0.069025939,2.00E+11,2.13E+11,2.25E+11,2.55E+11,2.80E+11,3.04E+11,3.09E+11,3.50E+11,3.56E+11,3.55E+11,4.13E+11,4.28E+11,4.65E+11,4.76E+11,5.08E+11,5.43E+11,5.81E+11,6.21E+11,6.64E+11,7.10E+11,7.59E+11,8.11E+11,8.67E+11,9.27E+11,9.91E+11,1.06E+12,1.13E+12,1.21E+12,1.29E+12,1.38E+12,1.48E+12
Dominican Republic,DOM,-0.006365558,1.38E+11,1.33E+11,1.34E+11,1.33E+11,1.32E+11,1.35E+11,1.30E+11,1.31E+11,1.30E+11,1.25E+11,1.28E+11,1.29E+11,1.34E+11,1.27E+11,1.26E+11,1.26E+11,1.25E+11,1.24E+11,1.23E+11,1.22E+11,1.22E+11,1.21E+11,1.20E+11,1.19E+11,1.19E+11,1.18E+11,1.17E+11,1.16E+11,1.16E+11,1.15E+11,1.14E+11
Algeria,DZA,-0.044544189,11537505954,11569115980,14895177218,14424647633,13753984565,18955335130,14187936346,15155263921,11204288762,12734495758,10346375584,7414262333,8292133220,6380428086,6096217092,5824666046,5565211021,5317313210,5080457806,4854152934,4637928628,4431335859,4233945598,4045347925,3865151183,3692981158,3528480308,3371307014,3221134878,3077652037,2940560524
East Asia & Pacific (excluding high income),EAP,0.006915254,4.85E+13,4.83E+13,4.95E+13,5.02E+13,4.91E+13,4.80E+13,4.92E+13,4.90E+13,4.90E+13,4.98E+13,5.00E+13,4.92E+13,5.13E+13,5.31E+13,5.35E+13,5.38E+13,5.42E+13,5.46E+13,5.49E+13,5.53E+13,5.57E+13,5.61E+13,5.65E+13,5.69E+13,5.73E+13,5.77E+13,5.81E+13,5.85E+13,5.89E+13,5.93E+13,5.97E+13
Early-demographic dividend,EAR,0.014779988,5.59E+13,5.69E+13,5.75E+13,5.80E+13,5.95E+13,6.05E+13,6.10E+13,6.12E+13,6.35E+13,6.55E+13,6.65E+13,6.59E+13,6.69E+13,6.77E+13,6.87E+13,6.97E+13,7.07E+13,7.18E+13,7.29E+13,7.39E+13,7.50E+13,7.61E+13,7.73E+13,7.84E+13,7.96E+13,8.07E+13,8.19E+13,8.31E+13,8.44E+13,8.56E+13,8.69E+13
East Asia & Pacific,EAS,0.00500999,5.51E+13,5.45E+13,5.53E+13,5.59E+13,5.52E+13,5.35E+13,5.49E+13,5.45E+13,5.47E+13,5.52E+13,5.58E+13,5.47E+13,5.67E+13,5.88E+13,5.91E+13,5.94E+13,5.97E+13,6.00E+13,6.03E+13,6.06E+13,6.09E+13,6.12E+13,6.15E+13,6.18E+13,6.21E+13,6.24E+13,6.27E+13,6.30E+13,6.33E+13,6.37E+13,6.40E+13
Europe & Central Asia (excluding high income),ECA,0.022259844,5.86E+12,5.76E+12,5.87E+12,5.96E+12,6.36E+12,6.49E+12,6.50E+12,6.53E+12,6.44E+12,6.61E+12,7.22E+12,6.94E+12,7.32E+12,7.80E+12,7.98E+12,8.15E+12,8.34E+12,8.52E+12,8.71E+12,8.90E+12,9.10E+12,9.31E+12,9.51E+12,9.72E+12,9.94E+12,1.02E+13,1.04E+13,1.06E+13,1.09E+13,1.11E+13,1.13E+13
Europe & Central Asia,ECS,0.042128138,2.10E+13,2.14E+13,2.13E+13,2.22E+13,2.33E+13,2.44E+13,2.56E+13,2.71E+13,2.84E+13,2.94E+13,3.23E+13,3.16E+13,3.43E+13,3.59E+13,3.75E+13,3.90E+13,4.07E+13,4.24E+13,4.42E+13,4.60E+13,4.80E+13,5.00E+13,5.21E+13,5.43E+13,5.66E+13,5.90E+13,6.15E+13,6.40E+13,6.67E+13,6.95E+13,7.25E+13
Ecuador,ECU,-0.006642792,1.71E+11,1.60E+11,1.56E+11,1.53E+11,1.50E+11,1.51E+11,1.33E+11,1.68E+11,1.50E+11,1.50E+11,1.39E+11,1.64E+11,1.62E+11,1.57E+11,1.56E+11,1.55E+11,1.54E+11,1.53E+11,1.52E+11,1.51E+11,1.50E+11,1.49E+11,1.48E+11,1.47E+11,1.46E+11,1.45E+11,1.44E+11,1.43E+11,1.42E+11,1.41E+11,1.40E+11
"Egypt, Arab Rep.",EGY,0.017228097,3.17E+11,3.40E+11,3.23E+11,3.43E+11,3.81E+11,3.80E+11,3.89E+11,4.06E+11,4.29E+11,4.19E+11,3.87E+11,4.03E+11,4.14E+11,3.96E+11,4.03E+11,4.10E+11,4.17E+11,4.24E+11,4.32E+11,4.39E+11,4.47E+11,4.54E+11,4.62E+11,4.70E+11,4.78E+11,4.87E+11,4.95E+11,5.03E+11,5.12E+11,5.21E+11,5.30E+11
Euro area,EMU,0.054911447,8.96E+12,9.42E+12,9.25E+12,1.02E+13,1.06E+13,1.10E+13,1.21E+13,1.33E+13,1.42E+13,1.46E+13,1.61E+13,1.57E+13,1.72E+13,1.79E+13,1.89E+13,2.00E+13,2.11E+13,2.22E+13,2.34E+13,2.47E+13,2.61E+13,2.75E+13,2.90E+13,3.06E+13,3.23E+13,3.41E+13,3.60E+13,3.79E+13,4.00E+13,4.22E+13,4.45E+13
Eritrea,ERI,-1,54238043282,55394249413,55881752428,60022897792,51985954069,56880927402,54380877569,57206510664,55115313850,58917676512,60056305537,60599909397,0,0,0,0,0,0,0,0,0,0,0,0,0,0,0,0,0,0,0
Spain,ESP,0.057460322,9.61E+11,1.12E+12,9.55E+11,1.19E+12,1.12E+12,1.04E+12,1.20E+12,1.30E+12,1.36E+12,1.56E+12,1.84E+12,1.86E+12,1.98E+12,1.99E+12,2.10E+12,2.22E+12,2.35E+12,2.48E+12,2.63E+12,2.78E+12,2.94E+12,3.11E+12,3.28E+12,3.47E+12,3.67E+12,3.88E+12,4.11E+12,4.34E+12,4.59E+12,4.86E+12,5.13E+12
Estonia,EST,0.036810366,93502444974,93066759128,91463569362,1.03E+11,1.06E+11,98191335456,87163454608,1.06E+11,1.11E+11,1.17E+11,1.43E+11,1.41E+11,1.38E+11,1.50E+11,1.55E+11,1.61E+11,1.67E+11,1.73E+11,1.79E+11,1.86E+11,1.93E+11,2.00E+11,2.07E+11,2.15E+11,2.23E+11,2.31E+11,2.39E+11,2.48E+11,2.57E+11,2.67E+11,2.77E+11
Ethiopia,ETH,0.028112156,3.03E+12,3.11E+12,3.20E+12,3.29E+12,3.39E+12,3.49E+12,3.59E+12,3.69E+12,3.80E+12,3.91E+12,4.01E+12,4.13E+12,4.23E+12,4.34E+12,4.46E+12,4.59E+12,4.72E+12,4.85E+12,4.99E+12,5.13E+12,5.27E+12,5.42E+12,5.57E+12,5.73E+12,5.89E+12,6.06E+12,6.23E+12,6.40E+12,6.58E+12,6.77E+12,6.96E+12
European Union,EUU,0.047680117,1.32E+13,1.35E+13,1.34E+13,1.43E+13,1.50E+13,1.58E+13,1.69E+13,1.83E+13,1.94E+13,2.01E+13,2.21E+13,2.17E+13,2.35E+13,2.42E+13,2.54E+13,2.66E+13,2.79E+13,2.92E+13,3.06E+13,3.20E+13,3.36E+13,3.52E+13,3.68E+13,3.86E+13,4.04E+13,4.24E+13,4.44E+13,4.65E+13,4.87E+13,5.10E+13,5.35E+13
Fragile and conflict affected situations,FCS,0.02660231,2.34E+13,2.41E+13,2.50E+13,2.55E+13,2.62E+13,2.68E+13,2.82E+13,2.86E+13,2.93E+13,3.03E+13,3.12E+13,3.15E+13,3.23E+13,3.29E+13,3.38E+13,3.47E+13,3.56E+13,3.65E+13,3.75E+13,3.85E+13,3.95E+13,4.06E+13,4.17E+13,4.28E+13,4.39E+13,4.51E+13,4.63E+13,4.75E+13,4.88E+13,5.01E+13,5.14E+13
Finland,FIN,0.017182138,1.03E+12,9.73E+11,1.03E+12,1.05E+12,1.16E+12,1.09E+12,1.17E+12,1.17E+12,1.23E+12,1.09E+12,1.23E+12,1.24E+12,1.32E+12,1.28E+12,1.30E+12,1.33E+12,1.35E+12,1.37E+12,1.40E+12,1.42E+12,1.44E+12,1.47E+12,1.49E+12,1.52E+12,1.55E+12,1.57E+12,1.60E+12,1.63E+12,1.65E+12,1.68E+12,1.71E+12
Fiji,FJI,0,0,0,0,0,25265376549,24522344101,22633910938,19420750000,0,0,0,0,0,0,0,0,0,0,0,0,0,0,0,0,0,0,0,0,0,0,0
France,FRA,0.029650142,2.35E+12,2.46E+12,2.28E+12,2.37E+12,2.41E+12,2.35E+12,2.27E+12,2.49E+12,2.81E+12,2.87E+12,3.13E+12,2.72E+12,3.16E+12,3.43E+12,3.54E+12,3.64E+12,3.75E+12,3.86E+12,3.97E+12,4.09E+12,4.21E+12,4.34E+12,4.47E+12,4.60E+12,4.74E+12,4.88E+12,5.02E+12,5.17E+12,5.32E+12,5.48E+12,5.64E+12
Faroe Islands,FRO,0,0,0,0,0,0,0,0,0,0,0,0,0,0,0,0,0,0,0,0,0,0,0,0,0,0,0,0,0,0,0,0
"Micronesia, Fed. Sts.",FSM,0,0,0,0,0,0,0,0,0,0,0,0,0,0,0,0,0,0,0,0,0,0,0,0,0,0,0,0,0,0,0,0
Gabon,GAB,0.113904735,1.07E+11,1.14E+11,1.52E+11,1.87E+11,2.23E+11,2.56E+11,2.91E+11,3.29E+11,3.61E+11,3.98E+11,4.36E+11,3.26E+11,2.74E+11,4.35E+11,4.85E+11,5.40E+11,6.01E+11,6.70E+11,7.46E+11,8.31E+11,9.26E+11,1.03E+12,1.15E+12,1.28E+12,1.43E+12,1.59E+12,1.77E+12,1.97E+12,2.19E+12,2.44E+12,2.72E+12
United Kingdom,GBR,0.138133723,2.14E+11,1.91E+11,2.12E+11,2.08E+11,2.52E+11,3.01E+11,3.40E+11,3.88E+11,5.79E+11,6.62E+11,7.43E+11,8.34E+11,9.24E+11,1.15E+12,1.31E+12,1.49E+12,1.70E+12,1.93E+12,2.20E+12,2.51E+12,2.85E+12,3.25E+12,3.69E+12,4.20E+12,4.79E+12,5.45E+12,6.20E+12,7.06E+12,8.03E+12,9.14E+12,1.04E+13
Georgia,GEO,-0.003668731,1.36E+11,1.37E+11,1.44E+11,1.50E+11,1.52E+11,1.18E+11,1.13E+11,1.21E+11,1.09E+11,1.14E+11,1.22E+11,1.12E+11,1.06E+11,1.29E+11,1.29E+11,1.28E+11,1.28E+11,1.27E+11,1.27E+11,1.26E+11,1.26E+11,1.26E+11,1.25E+11,1.25E+11,1.24E+11,1.24E+11,1.23E+11,1.23E+11,1.22E+11,1.22E+11,1.21E+11
Ghana,GHA,-0.006367235,4.50E+11,4.38E+11,4.12E+11,3.83E+11,3.70E+11,3.62E+11,3.67E+11,3.42E+11,3.60E+11,3.53E+11,3.84E+11,3.96E+11,3.98E+11,4.14E+11,4.11E+11,4.08E+11,4.06E+11,4.03E+11,4.01E+11,3.98E+11,3.96E+11,3.93E+11,3.91E+11,3.88E+11,3.86E+11,3.83E+11,3.81E+11,3.78E+11,3.76E+11,3.74E+11,3.71E+11
Gibraltar,GIB,0,0,0,0,0,0,0,0,0,0,0,0,0,0,0,0,0,0,0,0,0,0,0,0,0,0,0,0,0,0,0,0
Guinea,GIN,0,0,0,0,0,0,0,0,0,0,0,0,0,0,0,0,0,0,0,0,0,0,0,0,0,0,0,0,0,0,0,0
"Gambia, The",GMB,0,0,0,0,0,6561269852,6611317245,6806917282,7547271057,0,0,0,0,0,0,0,0,0,0,0,0,0,0,0,0,0,0,0,0,0,0,0
Guinea-Bissau,GNB,0,0,0,0,0,7615549591,7701831779,7945839157,8350965462,0,0,0,0,0,0,0,0,0,0,0,0,0,0,0,0,0,0,0,0,0,0,0
Equatorial Guinea,GNQ,0,0,0,0,0,5486857312,8873895480,10509727242,14935493170,0,0,0,0,0,0,0,0,0,0,0,0,0,0,0,0,0,0,0,0,0,0,0
Greece,GRC,0.047576603,2.12E+11,1.99E+11,2.08E+11,2.22E+11,2.33E+11,2.42E+11,2.57E+11,2.43E+11,2.53E+11,2.70E+11,3.14E+11,3.04E+11,3.76E+11,3.88E+11,4.06E+11,4.25E+11,4.46E+11,4.67E+11,4.89E+11,5.12E+11,5.37E+11,5.62E+11,5.89E+11,6.17E+11,6.46E+11,6.77E+11,7.09E+11,7.43E+11,7.78E+11,8.15E+11,8.54E+11
Grenada,GRD,0,0,0,0,0,781721189.5,834706088.1,839378737.4,801754202.8,0,0,0,0,0,0,0,0,0,0,0,0,0,0,0,0,0,0,0,0,0,0,0
Greenland,GRL,0,0,0,0,0,0,0,0,0,0,0,0,0,0,0,0,0,0,0,0,0,0,0,0,0,0,0,0,0,0,0,0
Guatemala,GTM,0.047774193,4.42E+11,4.41E+11,4.63E+11,4.85E+11,5.13E+11,5.10E+11,5.14E+11,5.39E+11,5.43E+11,6.12E+11,6.85E+11,7.32E+11,7.47E+11,8.10E+11,8.49E+11,8.90E+11,9.32E+11,9.77E+11,1.02E+12,1.07E+12,1.12E+12,1.18E+12,1.23E+12,1.29E+12,1.35E+12,1.42E+12,1.49E+12,1.56E+12,1.63E+12,1.71E+12,1.79E+12
Guam,GUM,0,0,0,0,0,0,0,0,0,0,0,0,0,0,0,0,0,0,0,0,0,0,0,0,0,0,0,0,0,0,0,0
Guyana,GUY,0,0,0,0,0,16789525215,16894201355,18138349533,16313249588,0,0,0,0,0,0,0,0,0,0,0,0,0,0,0,0,0,0,0,0,0,0,0
High income,HIC,0.035702324,3.93E+13,3.74E+13,3.81E+13,4.02E+13,4.20E+13,4.38E+13,4.64E+13,4.82E+13,5.08E+13,5.18E+13,5.51E+13,5.66E+13,5.94E+13,6.19E+13,6.42E+13,6.64E+13,6.88E+13,7.13E+13,7.38E+13,7.65E+13,7.92E+13,8.20E+13,8.49E+13,8.80E+13,9.11E+13,9.44E+13,9.77E+13,1.01E+14,1.05E+14,1.09E+14,1.12E+14
"Hong Kong SAR, China",HKG,0.073575426,1301950322,1475995786,1865334569,1977157208,1962443767,1758106778,1719063970,1694307521,2475005961,2067480095,2202822117,6732002057,2637120728,3276556930,3517631001,3776442200,4054295543,4352592064,4672835878,5016641767,5385743321,5782001679,6207414915,6664128110,7154444173,7680835450,8245956188,8852655926,9503993855,10203254250,10953963025
Honduras,HND,0.037168429,1.65E+11,1.63E+11,1.67E+11,1.75E+11,1.84E+11,2.12E+11,2.10E+11,2.38E+11,2.34E+11,2.28E+11,2.38E+11,2.63E+11,2.68E+11,2.66E+11,2.75E+11,2.86E+11,2.96E+11,3.07E+11,3.19E+11,3.31E+11,3.43E+11,3.56E+11,3.69E+11,3.82E+11,3.97E+11,4.11E+11,4.27E+11,4.43E+11,4.59E+11,4.76E+11,4.94E+11
Heavily indebted poor countries (HIPC),HPC,0.029537142,1.60E+13,1.64E+13,1.70E+13,1.73E+13,1.80E+13,1.87E+13,1.92E+13,1.93E+13,1.98E+13,2.02E+13,2.08E+13,2.15E+13,2.25E+13,2.34E+13,2.40E+13,2.48E+13,2.55E+13,2.62E+13,2.70E+13,2.78E+13,2.86E+13,2.95E+13,3.04E+13,3.12E+13,3.22E+13,3.31E+13,3.41E+13,3.51E+13,3.61E+13,3.72E+13,3.83E+13
Croatia,HRV,0.016318653,2.25E+11,2.35E+11,2.21E+11,2.39E+11,2.55E+11,2.62E+11,2.47E+11,2.29E+11,2.37E+11,2.58E+11,2.80E+11,2.49E+11,2.54E+11,2.77E+11,2.82E+11,2.86E+11,2.91E+11,2.96E+11,3.01E+11,3.06E+11,3.11E+11,3.16E+11,3.21E+11,3.26E+11,3.31E+11,3.37E+11,3.42E+11,3.48E+11,3.53E+11,3.59E+11,3.65E+11
Haiti,HTI,0.055854852,1.63E+11,1.66E+11,1.83E+11,1.75E+11,1.86E+11,2.76E+11,2.85E+11,2.91E+11,2.96E+11,3.03E+11,3.00E+11,3.10E+11,3.35E+11,3.29E+11,3.48E+11,3.67E+11,3.88E+11,4.09E+11,4.32E+11,4.56E+11,4.82E+11,5.09E+11,5.37E+11,5.67E+11,5.99E+11,6.32E+11,6.68E+11,7.05E+11,7.44E+11,7.86E+11,8.30E+11
Hungary,HUN,0.087912475,1.29E+11,1.31E+11,1.32E+11,1.31E+11,1.21E+11,2.01E+11,2.15E+11,2.41E+11,2.37E+11,3.05E+11,3.46E+11,3.68E+11,3.86E+11,3.86E+11,4.20E+11,4.57E+11,4.97E+11,5.41E+11,5.89E+11,6.40E+11,6.97E+11,7.58E+11,8.24E+11,8.97E+11,9.76E+11,1.06E+12,1.15E+12,1.26E+12,1.37E+12,1.49E+12,1.62E+12
IBRD only,IBD,0.015690386,9.70E+13,9.71E+13,9.90E+13,1.01E+14,1.02E+14,1.03E+14,1.05E+14,1.06E+14,1.07E+14,1.10E+14,1.13E+14,1.13E+14,1.16E+14,1.19E+14,1.21E+14,1.23E+14,1.24E+14,1.26E+14,1.28E+14,1.30E+14,1.32E+14,1.34E+14,1.37E+14,1.39E+14,1.41E+14,1.43E+14,1.45E+14,1.48E+14,1.50E+14,1.52E+14,1.55E+14
IDA & IBRD total,IBT,0.02072909,1.36E+14,1.37E+14,1.41E+14,1.45E+14,1.47E+14,1.49E+14,1.53E+14,1.55E+14,1.58E+14,1.63E+14,1.68E+14,1.69E+14,1.74E+14,1.78E+14,1.81E+14,1.85E+14,1.89E+14,1.93E+14,1.97E+14,2.01E+14,2.05E+14,2.09E+14,2.14E+14,2.18E+14,2.22E+14,2.27E+14,2.32E+14,2.37E+14,2.41E+14,2.47E+14,2.52E+14
IDA total,IDA,0.025752691,3.39E+13,3.48E+13,3.58E+13,3.67E+13,3.78E+13,3.90E+13,4.00E+13,4.08E+13,4.19E+13,4.28E+13,4.41E+13,4.52E+13,4.61E+13,4.71E+13,4.83E+13,4.96E+13,5.09E+13,5.22E+13,5.35E+13,5.49E+13,5.63E+13,5.78E+13,5.92E+13,6.08E+13,6.23E+13,6.39E+13,6.56E+13,6.73E+13,6.90E+13,7.08E+13,7.26E+13
IDA blend,IDB,0.025315629,1.41E+13,1.45E+13,1.49E+13,1.53E+13,1.58E+13,1.62E+13,1.66E+13,1.70E+13,1.74E+13,1.77E+13,1.84E+13,1.88E+13,1.95E+13,1.96E+13,2.01E+13,2.06E+13,2.11E+13,2.16E+13,2.22E+13,2.28E+13,2.33E+13,2.39E+13,2.45E+13,2.51E+13,2.58E+13,2.64E+13,2.71E+13,2.78E+13,2.85E+13,2.92E+13,3.00E+13
Indonesia,IDN,-0.007250405,7.10E+12,7.06E+12,7.38E+12,7.13E+12,7.32E+12,7.47E+12,7.37E+12,7.33E+12,7.68E+12,7.71E+12,7.38E+12,6.32E+12,6.10E+12,6.46E+12,6.41E+12,6.37E+12,6.32E+12,6.28E+12,6.23E+12,6.18E+12,6.14E+12,6.10E+12,6.05E+12,6.01E+12,5.96E+12,5.92E+12,5.88E+12,5.83E+12,5.79E+12,5.75E+12,5.71E+12
IDA only,IDX,0.026874513,1.86E+13,1.91E+13,1.98E+13,2.03E+13,2.09E+13,2.16E+13,2.22E+13,2.26E+13,2.32E+13,2.38E+13,2.44E+13,2.50E+13,2.52E+13,2.62E+13,2.69E+13,2.76E+13,2.84E+13,2.91E+13,2.99E+13,3.07E+13,3.16E+13,3.24E+13,3.33E+13,3.42E+13,3.51E+13,3.60E+13,3.70E+13,3.80E+13,3.90E+13,4.01E+13,4.11E+13
Isle of Man,IMN,0,0,0,0,0,0,0,0,0,0,0,0,0,0,0,0,0,0,0,0,0,0,0,0,0,0,0,0,0,0,0,0
India,IND,0.020594813,2.27E+13,2.32E+13,2.34E+13,2.40E+13,2.49E+13,2.51E+13,2.50E+13,2.58E+13,2.61E+13,2.79E+13,2.85E+13,2.93E+13,2.98E+13,2.96E+13,3.02E+13,3.09E+13,3.15E+13,3.21E+13,3.28E+13,3.35E+13,3.42E+13,3.49E+13,3.56E+13,3.63E+13,3.71E+13,3.78E+13,3.86E+13,3.94E+13,4.02E+13,4.11E+13,4.19E+13
Not classified,INX,0,0,0,0,0,0,0,0,0,0,0,0,0,0,0,0,0,0,0,0,0,0,0,0,0,0,0,0,0,0,0,0
Ireland,IRL,0.099084904,28018958888,28225107668,32244440435,28191824518,33329661100,41977034298,46617822197,53111152910,61218048240,74632012567,75332171147,87620093908,86308433834,95688148454,1.05E+11,1.16E+11,1.27E+11,1.40E+11,1.53E+11,1.69E+11,1.85E+11,2.04E+11,2.24E+11,2.46E+11,2.71E+11,2.97E+11,3.27E+11,3.59E+11,3.95E+11,4.34E+11,4.77E+11
"Iran, Islamic Rep.",IRN,0.113562479,54056007623,69205919733,91916478968,1.18E+11,1.15E+11,2.42E+11,2.52E+11,2.48E+11,1.44E+11,1.60E+11,1.83E+11,1.91E+11,2.01E+11,2.19E+11,2.44E+11,2.71E+11,3.02E+11,3.37E+11,3.75E+11,4.17E+11,4.65E+11,5.17E+11,5.76E+11,6.42E+11,7.14E+11,7.96E+11,8.86E+11,9.87E+11,1.10E+12,1.22E+12,1.36E+12
Iraq,IRQ,0.167462884,8915780433,9662804645,8288783060,8463413557,8723008539,60216165122,63059960858,50874241903,31706665225,39818784771,62917518100,43564980307,56921108294,66729740490,77904495288,90950606755,1.06E+11,1.24E+11,1.45E+11,1.69E+11,1.97E+11,2.30E+11,2.69E+11,3.14E+11,3.66E+11,4.28E+11,4.99E+11,5.83E+11,6.81E+11,7.95E+11,9.28E+11
Iceland,ISL,0.068760863,1.89E+11,1.87E+11,1.92E+11,1.92E+11,1.90E+11,1.95E+11,2.48E+11,3.07E+11,3.81E+11,3.99E+11,4.08E+11,4.43E+11,4.37E+11,4.49E+11,4.80E+11,5.13E+11,5.48E+11,5.86E+11,6.26E+11,6.69E+11,7.15E+11,7.65E+11,8.17E+11,8.73E+11,9.33E+11,9.98E+11,1.07E+12,1.14E+12,1.22E+12,1.30E+12,1.39E+12
Israel,ISR,-0.02756199,1.09E+11,1.21E+11,1.22E+11,1.29E+11,1.29E+11,1.30E+11,1.39E+11,1.40E+11,2.04E+11,1.82E+11,1.98E+11,2.10E+11,70006528133,75547678976,73465434586,71440580995,69471536399,67556762591,65694763760,63884085322,62123312786,60411070646,58746021306,57126864040,55552333971,54021201085,52532269268,51084375375,49676388320,48307208190,46975765389
Italy,ITA,0.084999853,8.78E+11,9.26E+11,9.70E+11,1.13E+12,1.09E+12,1.25E+12,1.39E+12,1.61E+12,1.97E+12,2.13E+12,2.22E+12,2.00E+12,2.32E+12,2.54E+12,2.75E+12,2.98E+12,3.24E+12,3.51E+12,3.81E+12,4.14E+12,4.49E+12,4.87E+12,5.28E+12,5.73E+12,6.22E+12,6.75E+12,7.32E+12,7.95E+12,8.62E+12,9.35E+12,1.01E+13
Jamaica,JAM,-0.008170555,35725207018,30405063500,28791164920,30412816651,24062765635,20176062800,20060939666,22393749095,21081171489,22670349549,24021532859,28053709391,33060432253,32111139542,31848773704,31588551541,31330455538,31074468322,30820572664,30568751474,30318987803,30071264840,29825565911,29581874479,29340174141,29100448629,28862681808,28626857674,28392960353,28160974104,27930883311
Jordan,JOR,0.069529647,10178031391,10217749947,10569539917,10250925807,11379103137,11281057370,15652257755,16791846305,19483503914,20864442281,21147126512,21430205176,23116202158,24387683087,26083350076,27896916191,29836578918,31911105708,34129873614,36502911668,39040946220,41755449417,44658691063,47763794074,51084793801,54636701465,58435572015,62498576692,66844080648,71491725959,76462520407
Japan,JPN,0.014047079,1.96E+12,1.82E+12,1.92E+12,2.14E+12,2.23E+12,2.10E+12,2.31E+12,2.20E+12,2.20E+12,2.13E+12,2.39E+12,2.28E+12,2.17E+12,2.34E+12,2.38E+12,2.41E+12,2.45E+12,2.48E+12,2.51E+12,2.55E+12,2.59E+12,2.62E+12,2.66E+12,2.70E+12,2.73E+12,2.77E+12,2.81E+12,2.85E+12,2.89E+12,2.93E+12,2.97E+12
Kazakhstan,KAZ,0.004711318,89358210153,83221494807,1.10E+11,98461004511,95896687277,1.07E+11,1.31E+11,1.21E+11,80592401328,82859912120,95531714361,1.07E+11,98059060058,94988556737,95436078003,95885707684,96337455714,96791332072,97247346785,97705509929,98165831625,98628322043,99092991400,99559849962,1.00E+11,1.01E+11,1.01E+11,1.01E+11,1.02E+11,1.02E+11,1.03E+11
Kenya,KEN,0.030760806,1.10E+12,1.14E+12,1.16E+12,1.22E+12,1.27E+12,1.30E+12,1.33E+12,1.37E+12,1.42E+12,1.46E+12,1.49E+12,1.54E+12,1.59E+12,1.64E+12,1.69E+12,1.74E+12,1.79E+12,1.85E+12,1.90E+12,1.96E+12,2.02E+12,2.09E+12,2.15E+12,2.22E+12,2.28E+12,2.35E+12,2.43E+12,2.50E+12,2.58E+12,2.66E+12,2.74E+12
Kyrgyz Republic,KGZ,0.014210926,81531360333,77595808436,68538681596,78675206326,70422861336,72142971077,70324197617,72335074272,69627707756,71324406121,70460669231,85891223121,92806167984,97947282795,99339204399,1.01E+11,1.02E+11,1.04E+11,1.05E+11,1.07E+11,1.08E+11,1.10E+11,1.11E+11,1.13E+11,1.14E+11,1.16E+11,1.18E+11,1.19E+11,1.21E+11,1.23E+11,1.25E+11
Cambodia,KHM,0.030923363,2.77E+11,2.73E+11,3.32E+11,3.38E+11,2.65E+11,2.61E+11,2.53E+11,2.41E+11,2.37E+11,3.62E+11,3.63E+11,3.78E+11,3.94E+11,4.11E+11,4.24E+11,4.37E+11,4.51E+11,4.65E+11,4.79E+11,4.94E+11,5.09E+11,5.25E+11,5.41E+11,5.58E+11,5.75E+11,5.93E+11,6.11E+11,6.30E+11,6.50E+11,6.70E+11,6.90E+11
Kiribati,KIR,0,0,0,0,0,384608001.7,338547210.7,400465011.6,498895092,0,0,0,0,0,0,0,0,0,0,0,0,0,0,0,0,0,0,0,0,0,0,0
St. Kitts and Nevis,KNA,0,0,0,0,0,1688758072,2021088657,1058599.968,1070700.036,0,0,0,0,0,0,0,0,0,0,0,0,0,0,0,0,0,0,0,0,0,0,0
"Korea, Rep.",KOR,0.108896037,1.32E+11,1.32E+11,1.38E+11,1.71E+11,1.60E+11,1.84E+11,2.03E+11,2.28E+11,2.41E+11,2.77E+11,3.29E+11,3.51E+11,4.25E+11,5.05E+11,5.60E+11,6.21E+11,6.89E+11,7.64E+11,8.47E+11,9.39E+11,1.04E+12,1.16E+12,1.28E+12,1.42E+12,1.58E+12,1.75E+12,1.94E+12,2.15E+12,2.38E+12,2.64E+12,2.93E+12
Kuwait,KWT,0,0,0,0,0,0,0,0,0,0,0,0,0,0,55894564.99,55894564.99,55894564.99,55894564.99,55894564.99,55894564.99,55894564.99,55894564.99,55894564.99,55894564.99,55894564.99,55894564.99,55894564.99,55894564.99,55894564.99,55894564.99,55894564.99,55894564.99
Latin America & Caribbean (excluding high income),LAC,0.02478222,1.49E+13,1.48E+13,1.53E+13,1.61E+13,1.66E+13,1.74E+13,1.78E+13,1.83E+13,1.88E+13,1.93E+13,1.98E+13,1.99E+13,2.01E+13,2.05E+13,2.10E+13,2.15E+13,2.21E+13,2.26E+13,2.32E+13,2.37E+13,2.43E+13,2.49E+13,2.55E+13,2.62E+13,2.68E+13,2.75E+13,2.82E+13,2.89E+13,2.96E+13,3.03E+13,3.11E+13
Lao PDR,LAO,0,0,0,0,0,0,0,0,0,0,0,0,0,0,0,0,0,0,0,0,0,0,0,0,0,0,0,0,0,0,0,0
Lebanon,LBN,0.043892608,24011196243,24488875142,31235683603,38614721500,34692720101,35149097501,33756645933,33544000932,29325748118,28641895980,36339806177,39252021312,39899144149,41970050157,43812225127,45735257961,47742697722,49838249251,52025780001,54309327182,56693105205,59181513463,61779144449,64490792235,67321461314,70276375843,73360989278,76580994442,79942334031,83451211581,87114102920
Liberia,LBR,0,0,0,0,0,0,0,0,0,0,0,0,0,0,0,0,0,0,0,0,0,0,0,0,0,0,0,0,0,0,0,0
Libya,LBY,0.034554055,32327983597,47656272294,48420464607,49670526480,49067856166,47318869940,49410006727,49187342444,49255181932,49425764949,49066950407,46469946414,48500189368,50277080495,52014357491,53811664452,55671075657,57594737058,59584868761,61643767583,63773809709,65977453427,68257241970,70615806453,73055868901,75580245402,78191849346,80893694796,83688899962,86580690801,89572404739
St. Lucia,LCA,0,0,0,0,0,2211960068,2267529568,2016145597,2081280029,0,0,0,0,0,0,0,0,0,0,0,0,0,0,0,0,0,0,0,0,0,0,0
Latin America & Caribbean,LCN,0.025333114,1.70E+13,1.69E+13,1.75E+13,1.82E+13,1.88E+13,1.96E+13,2.05E+13,2.10E+13,2.16E+13,2.20E+13,2.25E+13,2.27E+13,2.30E+13,2.35E+13,2.41E+13,2.47E+13,2.53E+13,2.60E+13,2.66E+13,2.73E+13,2.80E+13,2.87E+13,2.94E+13,3.02E+13,3.09E+13,3.17E+13,3.25E+13,3.34E+13,3.42E+13,3.51E+13,3.60E+13
Least developed countries: UN classification,LDC,0.028132993,1.70E+13,1.76E+13,1.82E+13,1.87E+13,1.89E+13,1.95E+13,2.02E+13,2.05E+13,2.12E+13,2.20E+13,2.24E+13,2.29E+13,2.34E+13,2.43E+13,2.50E+13,2.57E+13,2.65E+13,2.72E+13,2.80E+13,2.88E+13,2.96E+13,3.04E+13,3.13E+13,3.21E+13,3.30E+13,3.40E+13,3.49E+13,3.59E+13,3.69E+13,3.79E+13,3.90E+13
Low income,LIC,0,0,0,0,0,0,0,0,0,0,0,0,0,0,0,0,0,0,0,0,0,0,0,0,0,0,0,0,0,0,0,0
Liechtenstein,LIE,0,0,0,0,0,0,0,0,0,0,0,0,0,0,0,0,0,0,0,0,0,0,0,0,0,0,0,0,0,0,0,0
Sri Lanka,LKA,0.009063419,5.34E+11,5.07E+11,5.09E+11,5.32E+11,5.42E+11,5.41E+11,5.65E+11,5.57E+11,5.61E+11,5.75E+11,6.02E+11,6.20E+11,6.83E+11,6.01E+11,6.06E+11,6.12E+11,6.17E+11,6.23E+11,6.28E+11,6.34E+11,6.40E+11,6.46E+11,6.52E+11,6.57E+11,6.63E+11,6.69E+11,6.75E+11,6.82E+11,6.88E+11,6.94E+11,7.00E+11
Lower middle income,LMC,0.018720685,5.92E+13,6.02E+13,6.14E+13,6.25E+13,6.45E+13,6.61E+13,6.63E+13,6.73E+13,6.93E+13,7.15E+13,7.30E+13,7.33E+13,7.53E+13,7.54E+13,7.68E+13,7.82E+13,7.97E+13,8.12E+13,8.27E+13,8.43E+13,8.59E+13,8.75E+13,8.91E+13,9.08E+13,9.25E+13,9.42E+13,9.60E+13,9.78E+13,9.96E+13,1.01E+14,1.03E+14
Low & middle income,LMY,0.020511338,1.33E+14,1.35E+14,1.38E+14,1.42E+14,1.44E+14,1.46E+14,1.49E+14,1.52E+14,1.55E+14,1.59E+14,1.65E+14,1.66E+14,1.70E+14,1.74E+14,1.77E+14,1.81E+14,1.85E+14,1.89E+14,1.92E+14,1.96E+14,2.00E+14,2.04E+14,2.09E+14,2.13E+14,2.17E+14,2.22E+14,2.26E+14,2.31E+14,2.36E+14,2.41E+14,2.45E+14
Lesotho,LSO,0,0,0,0,0,1551499649,1825117756,1053747593,1051203499,0,0,0,0,0,0,0,0,0,0,0,0,0,0,0,0,0,0,0,0,0,0,0
Late-demographic dividend,LTE,0.017071513,5.50E+13,5.46E+13,5.63E+13,5.76E+13,5.79E+13,5.76E+13,5.94E+13,6.01E+13,6.03E+13,6.15E+13,6.33E+13,6.37E+13,6.66E+13,6.85E+13,6.97E+13,7.09E+13,7.21E+13,7.33E+13,7.46E+13,7.58E+13,7.71E+13,7.85E+13,7.98E+13,8.12E+13,8.25E+13,8.40E+13,8.54E+13,8.68E+13,8.83E+13,8.98E+13,9.14E+13
Lithuania,LTU,0.031586731,1.23E+11,1.46E+11,1.59E+11,1.67E+11,1.70E+11,1.55E+11,1.52E+11,1.61E+11,1.75E+11,1.76E+11,1.51E+11,1.66E+11,1.76E+11,1.84E+11,1.89E+11,1.95E+11,2.02E+11,2.08E+11,2.15E+11,2.21E+11,2.28E+11,2.35E+11,2.43E+11,2.51E+11,2.59E+11,2.67E+11,2.75E+11,2.84E+11,2.93E+11,3.02E+11,3.12E+11
Luxembourg,LUX,-0.000271293,22797048992,12068326359,4825958847,4931926088,5825667757,8211696356,9008477259,15337530701,16665137441,14769750668,15529654796,15710578429,17014453164,22716779002,22710616107,22704454884,22698295332,22692137451,22685981241,22679826701,22673673831,22667522630,22661373098,22655225234,22649079038,22642934509,22636791648,22630650453,22624510924,22618373060,22612236862
Latvia,LVA,0.017436991,1.37E+11,1.45E+11,1.40E+11,1.48E+11,1.60E+11,1.64E+11,1.59E+11,1.59E+11,1.55E+11,1.69E+11,1.49E+11,1.51E+11,1.78E+11,1.72E+11,1.75E+11,1.78E+11,1.81E+11,1.84E+11,1.87E+11,1.91E+11,1.94E+11,1.97E+11,2.01E+11,2.04E+11,2.08E+11,2.11E+11,2.15E+11,2.19E+11,2.23E+11,2.27E+11,2.31E+11
"Macao SAR, China",MAC,0,0,0,0,0,0,0,0,0,0,0,0,0,0,0,0,0,0,0,0,0,0,0,0,0,0,0,0,0,0,0,0
St. Martin (French part),MAF,0,0,0,0,0,0,0,0,0,0,0,0,0,0,0,0,0,0,0,0,0,0,0,0,0,0,0,0,0,0,0,0
Morocco,MAR,0.019916959,1.68E+11,1.77E+11,1.77E+11,1.86E+11,3.23E+11,2.99E+11,2.74E+11,2.56E+11,2.36E+11,2.32E+11,2.38E+11,2.19E+11,2.04E+11,2.17E+11,2.22E+11,2.26E+11,2.31E+11,2.35E+11,2.40E+11,2.45E+11,2.49E+11,2.54E+11,2.60E+11,2.65E+11,2.70E+11,2.75E+11,2.81E+11,2.86E+11,2.92E+11,2.98E+11,3.04E+11
Monaco,MCO,0,0,0,0,0,0,0,0,0,0,0,0,0,0,0,0,0,0,0,0,0,0,0,0,0,0,0,0,0,0,0,0
Moldova,MDA,0.121344695,16496718973,17082701149,18040606985,19895015930,16377691714,14922138895,17184952254,14893212084,16473475538,15389351893,69322772111,69094552452,73860418131,73114969235,81987082867,91935780421,1.03E+11,1.16E+11,1.30E+11,1.45E+11,1.63E+11,1.83E+11,2.05E+11,2.30E+11,2.58E+11,2.89E+11,3.24E+11,3.63E+11,4.07E+11,4.57E+11,5.12E+11
Madagascar,MDG,0,0,0,0,0,0,0,0,0,0,0,0,0,0,0,0,0,0,0,0,0,0,0,0,0,0,0,0,0,0,0,0
Maldives,MDV,0,0,0,0,0,418325007,438570007.7,457891204.8,454958402.4,0,0,0,0,0,0,0,0,0,0,0,0,0,0,0,0,0,0,0,0,0,0,0
Middle East & North Africa,MEA,0.027238719,1.03E+12,1.12E+12,1.14E+12,1.22E+12,1.44E+12,1.62E+12,1.62E+12,1.59E+12,1.51E+12,1.51E+12,1.54E+12,1.51E+12,1.43E+12,1.46E+12,1.50E+12,1.54E+12,1.58E+12,1.62E+12,1.67E+12,1.71E+12,1.76E+12,1.81E+12,1.86E+12,1.91E+12,1.96E+12,2.01E+12,2.07E+12,2.13E+12,2.18E+12,2.24E+12,2.30E+12
Mexico,MEX,-0.002208818,1.83E+12,1.76E+12,1.67E+12,1.68E+12,1.71E+12,1.84E+12,1.80E+12,1.72E+12,1.76E+12,1.65E+12,1.64E+12,1.66E+12,1.72E+12,1.77E+12,1.77E+12,1.77E+12,1.76E+12,1.76E+12,1.75E+12,1.75E+12,1.75E+12,1.74E+12,1.74E+12,1.73E+12,1.73E+12,1.73E+12,1.72E+12,1.72E+12,1.72E+12,1.71E+12,1.71E+12
Marshall Islands,MHL,0,0,0,0,0,533544897.1,532924284,508874988.6,486799987.8,0,0,0,0,0,0,0,0,0,0,0,0,0,0,0,0,0,0,0,0,0,0,0
Middle income,MIC,0.018750339,1.19E+14,1.20E+14,1.23E+14,1.26E+14,1.28E+14,1.29E+14,1.32E+14,1.33E+14,1.36E+14,1.40E+14,1.44E+14,1.45E+14,1.49E+14,1.52E+14,1.55E+14,1.58E+14,1.61E+14,1.64E+14,1.67E+14,1.70E+14,1.73E+14,1.76E+14,1.80E+14,1.83E+14,1.87E+14,1.90E+14,1.94E+14,1.97E+14,2.01E+14,2.05E+14,2.09E+14
North Macedonia,MKD,0.007883628,51695341826,39089311158,36984727267,48242411738,49994053465,53078656988,57613310667,47499655009,47151994324,52007793878,64355614237,58236499956,54174691293,57251449557,57702798666,58157706043,58616199741,59078308032,59544059413,60013482604,60486606553,60963460435,61444073655,61928475851,62416696894,62908766890,63404716182,63904575353,64408375229,64916146874,65427921603
Mali,MLI,0,0,0,0,0,0,0,0,0,0,0,0,0,0,0,0,0,0,0,0,0,0,0,0,0,0,0,0,0,0,0,0
Malta,MLT,0,0,0,63943760.65,81410273.32,99095849.94,123755204.9,142308169.2,178406819,187225935.6,199588930.7,1023299614,1636616610,2349153138,2492664019,2492664019,2492664019,2492664019,2492664019,2492664019,2492664019,2492664019,2492664019,2492664019,2492664019,2492664019,2492664019,2492664019,2492664019,2492664019,2492664019,2492664019
Myanmar,MMR,0.015943369,1.03E+12,1.04E+12,1.08E+12,1.12E+12,1.19E+12,1.19E+12,1.23E+12,1.27E+12,1.30E+12,1.23E+12,1.19E+12,1.21E+12,1.23E+12,1.26E+12,1.28E+12,1.31E+12,1.33E+12,1.35E+12,1.37E+12,1.39E+12,1.41E+12,1.44E+12,1.46E+12,1.48E+12,1.50E+12,1.53E+12,1.55E+12,1.58E+12,1.60E+12,1.63E+12,1.65E+12
Middle East & North Africa (excluding high income),MNA,0.033090648,8.33E+11,9.09E+11,9.18E+11,9.90E+11,1.17E+12,1.34E+12,1.32E+12,1.30E+12,1.20E+12,1.21E+12,1.22E+12,1.20E+12,1.24E+12,1.27E+12,1.31E+12,1.36E+12,1.40E+12,1.45E+12,1.50E+12,1.55E+12,1.60E+12,1.65E+12,1.70E+12,1.76E+12,1.82E+12,1.88E+12,1.94E+12,2.01E+12,2.07E+12,2.14E+12,2.21E+12
Montenegro,MNE,0,0,0,0,0,0,51065574679,52761637789,50188055771,49451779362,50044892542,57728383361,48154220490,48720007022,48441953145,48441953145,48441953145,48441953145,48441953145,48441953145,48441953145,48441953145,48441953145,48441953145,48441953145,48441953145,48441953145,48441953145,48441953145,48441953145,48441953145,48441953145
Mongolia,MNG,0.010889813,13730771681,14704589558,16843304976,15390483755,14974090133,15986871443,15284983197,16764339236,16705496783,16499542911,17581975221,17405847819,14164762955,15806823556,15978956905,16152964755,16328867518,16506685828,16686440547,16868152761,17051843787,17237535174,17425248706,17615006402,17806830525,18000743576,18196768304,18394927705,18595245024,18797743762,19002447673
Northern Mariana Islands,MNP,0,0,0,0,0,0,0,0,0,0,0,0,0,0,0,0,0,0,0,0,0,0,0,0,0,0,0,0,0,0,0,0
Mozambique,MOZ,0.027031187,6.72E+11,7.02E+11,7.12E+11,7.47E+11,7.78E+11,7.94E+11,8.13E+11,7.96E+11,8.17E+11,8.27E+11,8.39E+11,8.62E+11,9.15E+11,9.50E+11,9.75E+11,1.00E+12,1.03E+12,1.06E+12,1.09E+12,1.11E+12,1.14E+12,1.18E+12,1.21E+12,1.24E+12,1.27E+12,1.31E+12,1.34E+12,1.38E+12,1.42E+12,1.46E+12,1.49E+12
Mauritania,MRT,0,0,0,0,0,0,0,0,0,0,0,0,0,0,0,0,0,0,0,0,0,0,0,0,0,0,0,0,0,0,0,0
Mauritius,MUS,-0.020760996,20633396188,21299012904,18864972902,20849031720,21433568122,20506808851,20381408414,19593876178,16268803384,15938326830,17879253448,15907059319,15517987825,15708107425,15381991469,15062646005,14749930472,14443707224,14143841476,13850201239,13562657266,13281082993,13005354482,12735350369,12470951811,12212042430,11958508266,11710237723,11467121525,11229052660,10995926343
Malawi,MWI,0,0,0,0,0,0,0,0,0,0,0,0,0,0,0,0,0,0,0,0,0,0,0,0,0,0,0,0,0,0,0,0
Malaysia,MYS,0.008097479,2.17E+11,2.17E+11,1.88E+11,1.87E+11,1.95E+11,1.98E+11,2.07E+11,2.06E+11,2.30E+11,1.63E+11,1.43E+11,1.66E+11,1.96E+11,2.41E+11,2.43E+11,2.45E+11,2.47E+11,2.49E+11,2.51E+11,2.53E+11,2.55E+11,2.57E+11,2.59E+11,2.62E+11,2.64E+11,2.66E+11,2.68E+11,2.70E+11,2.72E+11,2.75E+11,2.77E+11
North America,NAC,0.027161041,1.83E+13,1.61E+13,1.68E+13,1.79E+13,1.88E+13,1.97E+13,2.07E+13,2.09E+13,2.17E+13,2.19E+13,2.23E+13,2.43E+13,2.48E+13,2.60E+13,2.67E+13,2.74E+13,2.81E+13,2.89E+13,2.97E+13,3.05E+13,3.13E+13,3.22E+13,3.30E+13,3.39E+13,3.49E+13,3.58E+13,3.68E+13,3.78E+13,3.88E+13,3.99E+13,4.09E+13
Namibia,NAM,0.031542671,35419222101,36656307994,37761269484,38841416434,42500080620,45783074429,46900662087,48973381636,46988908760,49075519958,47763095512,49915543615,52171828560,53036223297,54709127444,56434799456,58214903773,60051157334,61945331238,63899252446,65914805548,67993934578,70138644892,72351005097,74633149053,76987277925,79415662310,81920644425,84504640366,87170142442,89919721573
New Caledonia,NCL,0,0,0,0,0,0,0,0,0,0,0,0,0,0,0,0,0,0,0,0,0,0,0,0,0,0,0,0,0,0,0,0
Niger,NER,0.044137841,1.29E+11,1.33E+11,1.38E+11,1.43E+11,1.49E+11,1.52E+11,1.55E+11,1.60E+11,1.68E+11,1.72E+11,1.80E+11,1.49E+11,1.66E+11,2.26E+11,2.36E+11,2.46E+11,2.57E+11,2.68E+11,2.80E+11,2.92E+11,3.05E+11,3.19E+11,3.33E+11,3.48E+11,3.63E+11,3.79E+11,3.96E+11,4.13E+11,4.31E+11,4.50E+11,4.70E+11
Nigeria,NGA,0.030913532,7.42E+12,7.65E+12,7.89E+12,8.17E+12,8.52E+12,8.85E+12,9.13E+12,9.60E+12,9.77E+12,9.89E+12,1.04E+13,1.07E+13,1.13E+13,1.10E+13,1.14E+13,1.17E+13,1.21E+13,1.24E+13,1.28E+13,1.32E+13,1.36E+13,1.41E+13,1.45E+13,1.49E+13,1.54E+13,1.59E+13,1.64E+13,1.69E+13,1.74E+13,1.79E+13,1.85E+13
Nicaragua,NIC,0.020169376,1.47E+11,1.44E+11,1.44E+11,1.39E+11,1.45E+11,1.52E+11,1.52E+11,1.52E+11,1.58E+11,1.60E+11,1.61E+11,1.63E+11,1.75E+11,1.91E+11,1.94E+11,1.98E+11,2.02E+11,2.06E+11,2.11E+11,2.15E+11,2.19E+11,2.24E+11,2.28E+11,2.33E+11,2.37E+11,2.42E+11,2.47E+11,2.52E+11,2.57E+11,2.62E+11,2.68E+11
Netherlands,NLD,0.085948913,1.31E+11,1.37E+11,1.51E+11,1.55E+11,1.84E+11,2.23E+11,2.51E+11,2.96E+11,3.14E+11,3.42E+11,3.21E+11,3.63E+11,3.81E+11,3.82E+11,4.14E+11,4.50E+11,4.89E+11,5.31E+11,5.76E+11,6.26E+11,6.80E+11,7.38E+11,8.01E+11,8.70E+11,9.45E+11,1.03E+12,1.11E+12,1.21E+12,1.31E+12,1.43E+12,1.55E+12
Norway,NOR,0.013392993,1.57E+12,1.60E+12,1.49E+12,1.52E+12,1.51E+12,1.57E+12,1.55E+12,1.58E+12,1.88E+12,1.78E+12,1.91E+12,1.59E+12,1.72E+12,1.87E+12,1.90E+12,1.92E+12,1.95E+12,1.97E+12,2.00E+12,2.03E+12,2.05E+12,2.08E+12,2.11E+12,2.14E+12,2.17E+12,2.20E+12,2.23E+12,2.26E+12,2.29E+12,2.32E+12,2.35E+12
Nepal,NPL,0.023371405,7.16E+11,7.35E+11,7.62E+11,7.79E+11,7.98E+11,8.17E+11,8.33E+11,8.50E+11,8.72E+11,8.82E+11,8.91E+11,9.19E+11,8.56E+11,9.67E+11,9.89E+11,1.01E+12,1.04E+12,1.06E+12,1.08E+12,1.11E+12,1.14E+12,1.16E+12,1.19E+12,1.22E+12,1.25E+12,1.28E+12,1.31E+12,1.34E+12,1.37E+12,1.40E+12,1.43E+12
Nauru,NRU,0,0,0,0,0,0,0,0,0,0,0,0,0,0,0,0,0,0,0,0,0,0,0,0,0,0,0,0,0,0,0,0
New Zealand,NZL,0.012758277,4.96E+11,4.62E+11,4.95E+11,4.77E+11,5.32E+11,4.97E+11,5.00E+11,5.00E+11,4.92E+11,5.34E+11,5.83E+11,5.97E+11,5.94E+11,5.85E+11,5.93E+11,6.00E+11,6.08E+11,6.16E+11,6.23E+11,6.31E+11,6.39E+11,6.48E+11,6.56E+11,6.64E+11,6.73E+11,6.81E+11,6.90E+11,6.99E+11,7.08E+11,7.17E+11,7.26E+11
OECD members,OED,0.032999594,4.22E+13,4.01E+13,4.09E+13,4.29E+13,4.47E+13,4.66E+13,4.92E+13,5.08E+13,5.32E+13,5.41E+13,5.73E+13,5.89E+13,6.15E+13,6.44E+13,6.65E+13,6.87E+13,7.10E+13,7.33E+13,7.58E+13,7.83E+13,8.08E+13,8.35E+13,8.63E+13,8.91E+13,9.20E+13,9.51E+13,9.82E+13,1.01E+14,1.05E+14,1.08E+14,1.12E+14
Oman,OMN,0,0,0,0,0,0,0,0,0,0,0,0,0,0,12217200.58,12217200.58,12217200.58,12217200.58,12217200.58,12217200.58,12217200.58,12217200.58,12217200.58,12217200.58,12217200.58,12217200.58,12217200.58,12217200.58,12217200.58,12217200.58,12217200.58,12217200.58
Other small states,OSS,0,0,0,0,0,1.50E+12,1.57E+12,1.70E+12,1.87E+12,0,0,0,0,0,0,0,0,0,0,0,0,0,0,0,0,0,0,0,0,0,0,0
Pakistan,PAK,0.020756338,3.27E+12,3.36E+12,3.38E+12,3.45E+12,3.54E+12,3.67E+12,3.75E+12,3.77E+12,3.85E+12,3.89E+12,4.03E+12,4.01E+12,4.09E+12,4.27E+12,4.36E+12,4.45E+12,4.54E+12,4.64E+12,4.73E+12,4.83E+12,4.93E+12,5.04E+12,5.14E+12,5.25E+12,5.36E+12,5.47E+12,5.58E+12,5.70E+12,5.81E+12,5.93E+12,6.06E+12
Panama,PAN,0.01133061,71094422429,70014007963,75963794304,72718519505,73716313722,66347351257,68791458897,69517662725,71382218253,68689954574,74339489177,77108035654,85922669519,82308845099,83241454497,84184630929,85138494125,86103165173,87078766531,88065422048,89063256974,90072397977,91092973164,92125112089,93168945778,94224606739,95292228982,96371948036,97463900966,98568226387,99685064490
Peru,PER,0.015740824,4.71E+11,4.86E+11,4.77E+11,4.76E+11,4.87E+11,5.23E+11,5.13E+11,5.17E+11,5.07E+11,5.19E+11,6.00E+11,5.82E+11,6.30E+11,5.78E+11,5.87E+11,5.96E+11,6.05E+11,6.15E+11,6.24E+11,6.34E+11,6.44E+11,6.54E+11,6.65E+11,6.75E+11,6.86E+11,6.97E+11,7.08E+11,7.19E+11,7.30E+11,7.41E+11,7.53E+11
Philippines,PHL,-0.008510033,1.39E+12,1.28E+12,1.27E+12,1.25E+12,1.21E+12,1.22E+12,1.26E+12,1.21E+12,1.27E+12,1.19E+12,1.16E+12,1.20E+12,1.24E+12,1.25E+12,1.24E+12,1.23E+12,1.22E+12,1.21E+12,1.19E+12,1.18E+12,1.17E+12,1.16E+12,1.15E+12,1.14E+12,1.14E+12,1.13E+12,1.12E+12,1.11E+12,1.10E+12,1.09E+12,1.08E+12
Palau,PLW,0,0,0,0,0,0,0,0,0,0,0,0,0,0,0,0,0,0,0,0,0,0,0,0,0,0,0,0,0,0,0,0
Papua New Guinea,PNG,0,0,0,0,0,0,0,0,0,0,0,0,0,0,0,0,0,0,0,0,0,0,0,0,0,0,0,0,0,0,0,0
Poland,POL,0.046757559,6.15E+11,6.52E+11,6.63E+11,6.62E+11,6.65E+11,6.65E+11,6.95E+11,7.01E+11,7.83E+11,8.32E+11,9.53E+11,1.05E+12,1.07E+12,1.11E+12,1.17E+12,1.22E+12,1.28E+12,1.34E+12,1.40E+12,1.47E+12,1.53E+12,1.61E+12,1.68E+12,1.76E+12,1.84E+12,1.93E+12,2.02E+12,2.11E+12,2.21E+12,2.31E+12,2.42E+12
Pre-demographic dividend,PRE,0.032129998,2.25E+13,2.35E+13,2.41E+13,2.50E+13,2.58E+13,2.66E+13,2.72E+13,2.80E+13,2.88E+13,3.00E+13,3.12E+13,3.22E+13,3.33E+13,3.40E+13,3.51E+13,3.62E+13,3.74E+13,3.86E+13,3.98E+13,4.11E+13,4.24E+13,4.38E+13,4.52E+13,4.66E+13,4.81E+13,4.97E+13,5.13E+13,5.29E+13,5.46E+13,5.64E+13,5.82E+13
Puerto Rico,PRI,0,0,0,0,0,0,0,0,0,0,0,0,0,0,0,0,0,0,0,0,0,0,0,0,0,0,0,0,0,0,0,0
"Korea, Dem. People's Rep.",PRK,0.031760366,1.72E+11,1.76E+11,1.77E+11,1.86E+11,1.92E+11,1.97E+11,1.93E+11,2.00E+11,2.06E+11,2.45E+11,2.55E+11,2.53E+11,2.52E+11,2.58E+11,2.66E+11,2.75E+11,2.83E+11,2.92E+11,3.02E+11,3.11E+11,3.21E+11,3.31E+11,3.42E+11,3.53E+11,3.64E+11,3.76E+11,3.88E+11,4.00E+11,4.13E+11,4.26E+11,4.39E+11
Portugal,PRT,0.021138926,4.95E+11,5.16E+11,4.72E+11,5.55E+11,5.13E+11,4.78E+11,5.62E+11,5.86E+11,5.72E+11,6.06E+11,6.54E+11,6.22E+11,5.47E+11,6.49E+11,6.63E+11,6.77E+11,6.91E+11,7.06E+11,7.21E+11,7.36E+11,7.52E+11,7.68E+11,7.84E+11,8.00E+11,8.17E+11,8.35E+11,8.52E+11,8.70E+11,8.89E+11,9.07E+11,9.27E+11
Paraguay,PRY,0.010088544,2.71E+11,2.74E+11,2.63E+11,2.66E+11,2.67E+11,2.72E+11,2.74E+11,2.82E+11,2.95E+11,2.98E+11,3.06E+11,3.04E+11,3.17E+11,3.09E+11,3.12E+11,3.15E+11,3.18E+11,3.22E+11,3.25E+11,3.28E+11,3.31E+11,3.35E+11,3.38E+11,3.42E+11,3.45E+11,3.49E+11,3.52E+11,3.56E+11,3.59E+11,3.63E+11,3.66E+11
West Bank and Gaza,PSE,0,0,0,0,0,0,0,0,0,0,0,0,0,0,0,0,0,0,0,0,0,0,0,0,0,0,0,0,0,0,0,0
Pacific island small states,PSS,0,0,0,0,0,34801680308,33325468951,31472473478,28221914145,0,0,0,0,0,0,0,0,0,0,0,0,0,0,0,0,0,0,0,0,0,0,0
Post-demographic dividend,PST,0.034203917,3.74E+13,3.54E+13,3.59E+13,3.80E+13,3.97E+13,4.13E+13,4.37E+13,4.53E+13,4.76E+13,4.85E+13,5.17E+13,5.29E+13,5.54E+13,5.79E+13,5.99E+13,6.20E+13,6.41E+13,6.63E+13,6.85E+13,7.09E+13,7.33E+13,7.58E+13,7.84E+13,8.11E+13,8.38E+13,8.67E+13,8.97E+13,9.28E+13,9.59E+13,9.92E+13,1.03E+14
French Polynesia,PYF,0,0,0,0,0,0,0,0,0,0,0,0,0,0,0,0,0,0,0,0,0,0,0,0,0,0,0,0,0,0,0,0
Qatar,QAT,0,0,0,0,0,0,0,0,0,0,0,0,0,0,0,0,0,0,0,0,0,0,0,0,0,0,0,0,0,0,0,0
Romania,ROU,0.016815379,5.93E+11,4.93E+11,5.49E+11,6.19E+11,6.68E+11,7.14E+11,6.95E+11,7.24E+11,8.09E+11,7.74E+11,8.44E+11,7.56E+11,7.53E+11,7.36E+11,7.49E+11,7.61E+11,7.74E+11,7.87E+11,8.01E+11,8.14E+11,8.28E+11,8.42E+11,8.56E+11,8.70E+11,8.85E+11,9.00E+11,9.15E+11,9.30E+11,9.46E+11,9.62E+11,9.78E+11
Russian Federation,RUS,0.015033192,2.17E+12,2.27E+12,2.16E+12,2.12E+12,2.30E+12,2.36E+12,2.34E+12,2.47E+12,2.28E+12,2.33E+12,2.30E+12,2.33E+12,2.40E+12,2.63E+12,2.67E+12,2.71E+12,2.75E+12,2.79E+12,2.83E+12,2.87E+12,2.92E+12,2.96E+12,3.01E+12,3.05E+12,3.10E+12,3.14E+12,3.19E+12,3.24E+12,3.29E+12,3.34E+12,3.39E+12
Rwanda,RWA,0,0,0,0,0,0,0,0,0,0,0,0,0,0,0,0,0,0,0,0,0,0,0,0,0,0,0,0,0,0,0,0
South Asia,SAS,0.021031577,2.90E+13,2.96E+13,2.99E+13,3.06E+13,3.17E+13,3.21E+13,3.23E+13,3.31E+13,3.36E+13,3.55E+13,3.63E+13,3.71E+13,3.79E+13,3.80E+13,3.88E+13,3.96E+13,4.05E+13,4.13E+13,4.22E+13,4.31E+13,4.40E+13,4.49E+13,4.58E+13,4.68E+13,4.78E+13,4.88E+13,4.98E+13,5.09E+13,5.19E+13,5.30E+13,5.41E+13
Saudi Arabia,SAU,0.054175116,890497644.6,904043211.1,1056885996,1024422823,1042282147,1029407724,1045625853,1122570357,1142743341,1166501547,1224227961,1264668920,1642859824,1768066766,1863851989,1964826387,2071271085,2183482436,2301772851,2426471662,2557926046,2696501987,2842585295,2996582684,3158922899,3330057913,3510464188,3700643993,3901126811,4112470809,4335264393
Sudan,SDN,-0.008233144,1.07E+12,1.11E+12,1.16E+12,1.13E+12,1.11E+12,1.08E+12,1.11E+12,1.02E+12,1.00E+12,1.03E+12,1.02E+12,1.06E+12,9.13E+11,9.61E+11,9.53E+11,9.45E+11,9.37E+11,9.30E+11,9.22E+11,9.15E+11,9.07E+11,9.00E+11,8.92E+11,8.85E+11,8.77E+11,8.70E+11,8.63E+11,8.56E+11,8.49E+11,8.42E+11,8.35E+11
Senegal,SEN,0.027352557,1.14E+11,1.19E+11,1.17E+11,1.14E+11,1.12E+11,1.15E+11,1.24E+11,1.22E+11,1.27E+11,1.95E+11,1.93E+11,1.97E+11,2.03E+11,1.62E+11,1.66E+11,1.71E+11,1.75E+11,1.80E+11,1.85E+11,1.90E+11,1.95E+11,2.01E+11,2.06E+11,2.12E+11,2.18E+11,2.24E+11,2.30E+11,2.36E+11,2.43E+11,2.49E+11,2.56E+11
Singapore,SGP,0.070847371,6074616565,12701713684,12219300173,14737098670,16138648352,11538639281,12000022436,10812461859,13110220083,10091332889,12029995564,12576174471,13190588622,14790312279,15838167023,16960259522,18161849325,19448568607,20826448567,22301947700,23881982068,25573957718,27385805394,29326017716,31403688980,33628557791,36011052709,38562341130,41294381627,44219980013,47352849353
Solomon Islands,SLB,0,0,0,0,0,2894646576,2882205551,2886427536,3035033691,0,0,0,0,0,0,0,0,0,0,0,0,0,0,0,0,0,0,0,0,0,0,0
Sierra Leone,SLE,0,0,0,0,0,0,0,0,0,0,0,0,0,0,0,0,0,0,0,0,0,0,0,0,0,0,0,0,0,0,0,0
El Salvador,SLV,-0.014558045,1.33E+11,1.37E+11,1.44E+11,1.50E+11,1.46E+11,1.54E+11,1.65E+11,1.26E+11,1.42E+11,1.36E+11,1.39E+11,1.27E+11,1.28E+11,1.10E+11,1.08E+11,1.07E+11,1.05E+11,1.04E+11,1.02E+11,1.01E+11,99145351185,97701988735,96279638820,94877995539,93496757443,92135627473,90794312894,89472525233,88169980215,86886397706,85621501648
San Marino,SMR,0,0,0,0,0,0,0,0,0,0,0,0,0,0,0,0,0,0,0,0,0,0,0,0,0,0,0,0,0,0,0,0
Somalia,SOM,0,0,0,0,0,0,0,0,0,0,0,0,0,0,0,0,0,0,0,0,0,0,0,0,0,0,0,0,0,0,0,0
Serbia,SRB,-0.000579375,3.03E+11,2.93E+11,2.86E+11,2.61E+11,2.65E+11,2.59E+11,2.61E+11,2.33E+11,2.62E+11,3.16E+11,3.22E+11,2.84E+11,2.85E+11,3.01E+11,3.01E+11,3.01E+11,3.01E+11,3.00E+11,3.00E+11,3.00E+11,3.00E+11,3.00E+11,2.99E+11,2.99E+11,2.99E+11,2.99E+11,2.99E+11,2.99E+11,2.98E+11,2.98E+11,2.98E+11
Sub-Saharan Africa (excluding high income),SSA,0.024617256,3.18E+13,3.29E+13,3.31E+13,3.42E+13,3.57E+13,3.63E+13,3.69E+13,3.83E+13,4.03E+13,4.06E+13,4.21E+13,4.30E+13,4.33E+13,4.36E+13,4.47E+13,4.58E+13,4.69E+13,4.81E+13,4.93E+13,5.05E+13,5.17E+13,5.30E+13,5.43E+13,5.56E+13,5.70E+13,5.84E+13,5.98E+13,6.13E+13,6.28E+13,6.44E+13,6.59E+13
South Sudan,SSD,0,0,0,0,0,0,0,0,0,0,0,0,0,19679236944,20404493396,20404493396,20404493396,20404493396,20404493396,20404493396,20404493396,20404493396,20404493396,20404493396,20404493396,20404493396,20404493396,20404493396,20404493396,20404493396,20404493396,20404493396
Sub-Saharan Africa,SSF,0.024640344,3.18E+13,3.28E+13,3.31E+13,3.42E+13,3.57E+13,3.63E+13,3.69E+13,3.83E+13,4.03E+13,4.06E+13,4.21E+13,4.30E+13,4.33E+13,4.36E+13,4.47E+13,4.58E+13,4.69E+13,4.81E+13,4.93E+13,5.05E+13,5.17E+13,5.30E+13,5.43E+13,5.56E+13,5.70E+13,5.84E+13,5.98E+13,6.13E+13,6.28E+13,6.44E+13,6.60E+13
Small states,SST,0,0,0,0,0,1.84E+12,1.94E+12,2.11E+12,2.24E+12,0,0,0,0,0,0,0,0,0,0,0,0,0,0,0,0,0,0,0,0,0,0,0
Sao Tome and Principe,STP,0,0,0,0,0,1859036034,2061544769,2082471573,2098201660,0,0,0,0,0,0,0,0,0,0,0,0,0,0,0,0,0,0,0,0,0,0,0
Suriname,SUR,-0.015304802,14902826271,16304221964,13115856195,12403306113,12481444778,11932609488,13268337987,13975353565,15724850219,15957792708,15854398810,14787817908,12291752967,12195294766,12008648200,11824858223,11643881115,11465673826,11290193964,11117399786,10947250189,10779704698,10614723457,10452267221,10292297346,10134775778,9979665047,9826928254,9676529068,9528431711,9382600955
Slovak Republic,SVK,0.080513371,66133288815,1.12E+11,1.03E+11,99653796955,1.15E+11,1.19E+11,1.22E+11,1.47E+11,1.40E+11,1.67E+11,1.83E+11,1.80E+11,1.74E+11,1.81E+11,1.96E+11,2.11E+11,2.28E+11,2.47E+11,2.67E+11,2.88E+11,3.11E+11,3.36E+11,3.63E+11,3.93E+11,4.24E+11,4.58E+11,4.95E+11,5.35E+11,5.78E+11,6.25E+11,6.75E+11
Slovenia,SVN,0.030836917,1.02E+11,1.01E+11,96281550501,98045728467,1.10E+11,1.06E+11,1.06E+11,1.03E+11,1.07E+11,1.36E+11,1.43E+11,1.36E+11,1.39E+11,1.51E+11,1.56E+11,1.60E+11,1.65E+11,1.71E+11,1.76E+11,1.81E+11,1.87E+11,1.93E+11,1.98E+11,2.05E+11,2.11E+11,2.17E+11,2.24E+11,2.31E+11,2.38E+11,2.45E+11,2.53E+11
Sweden,SWE,0.017287207,1.90E+12,1.90E+12,1.87E+12,1.77E+12,1.88E+12,2.07E+12,2.06E+12,2.14E+12,2.19E+12,2.12E+12,2.33E+12,2.30E+12,2.47E+12,2.38E+12,2.42E+12,2.46E+12,2.50E+12,2.55E+12,2.59E+12,2.64E+12,2.68E+12,2.73E+12,2.77E+12,2.82E+12,2.87E+12,2.92E+12,2.97E+12,3.02E+12,3.07E+12,3.13E+12,3.18E+12
Eswatini,SWZ,0,0,0,0,0,25521566025,25237030060,26500715164,27586834167,0,0,0,0,0,0,0,0,0,0,0,0,0,0,0,0,0,0,0,0,0,0,0
Sint Maarten (Dutch part),SXM,0,0,0,0,0,0,0,0,0,0,0,0,0,0,0,0,0,0,0,0,0,0,0,0,0,0,0,0,0,0,0,0
Seychelles,SYC,0,0,0,0,0,246323196.4,214365593.4,230849997.1,206414490.3,0,0,0,0,0,0,0,0,0,0,0,0,0,0,0,0,0,0,0,0,0,0,0
Syrian Arab Republic,SYR,0.012627388,30883012489,32837654287,26559501265,31627537641,44987145641,43899835883,39504024727,35138502460,29042003978,19883927162,29531009115,35636395628,32263366969,36355101316,36814171291,37279038121,37749775004,38226456065,38709156363,39197951905,39692919658,40194137560,40701684536,41215640505,41736086394,42263104157,42796776777,43337188288,43884423785,44438569437,44999712502
Turks and Caicos Islands,TCA,0,0,0,0,0,0,0,0,0,0,0,0,0,0,0,0,0,0,0,0,0,0,0,0,0,0,0,0,0,0,0,0
Chad,TCD,0,0,0,0,0,0,0,0,0,0,0,0,0,0,0,0,0,0,0,0,0,0,0,0,0,0,0,0,0,0,0,0
East Asia & Pacific (IDA & IBRD countries),TEA,0.006555022,4.85E+13,4.83E+13,4.94E+13,5.02E+13,4.90E+13,4.79E+13,4.91E+13,4.88E+13,4.88E+13,4.95E+13,4.98E+13,4.89E+13,5.11E+13,5.28E+13,5.32E+13,5.35E+13,5.39E+13,5.42E+13,5.46E+13,5.49E+13,5.53E+13,5.56E+13,5.60E+13,5.64E+13,5.67E+13,5.71E+13,5.75E+13,5.79E+13,5.82E+13,5.86E+13,5.90E+13
Europe & Central Asia (IDA & IBRD countries),TEC,0.025637084,6.73E+12,6.68E+12,6.79E+12,6.90E+12,7.33E+12,7.48E+12,7.50E+12,7.50E+12,7.52E+12,7.78E+12,8.56E+12,8.35E+12,8.79E+12,9.35E+12,9.59E+12,9.83E+12,1.01E+13,1.03E+13,1.06E+13,1.09E+13,1.12E+13,1.14E+13,1.17E+13,1.20E+13,1.23E+13,1.27E+13,1.30E+13,1.33E+13,1.37E+13,1.40E+13,1.44E+13
Togo,TGO,0.031795652,1.63E+11,1.73E+11,1.72E+11,1.72E+11,1.77E+11,1.83E+11,1.89E+11,1.96E+11,1.96E+11,1.98E+11,2.05E+11,2.17E+11,2.27E+11,2.45E+11,2.52E+11,2.60E+11,2.69E+11,2.77E+11,2.86E+11,2.95E+11,3.04E+11,3.14E+11,3.24E+11,3.34E+11,3.45E+11,3.56E+11,3.67E+11,3.79E+11,3.91E+11,4.03E+11,4.16E+11
Thailand,THA,0.053124551,1.59E+12,1.49E+12,1.65E+12,1.81E+12,1.93E+12,2.01E+12,2.09E+12,2.27E+12,2.43E+12,2.44E+12,2.67E+12,2.68E+12,2.94E+12,3.12E+12,3.28E+12,3.46E+12,3.64E+12,3.83E+12,4.04E+12,4.25E+12,4.48E+12,4.71E+12,4.96E+12,5.23E+12,5.51E+12,5.80E+12,6.11E+12,6.43E+12,6.77E+12,7.13E+12,7.51E+12
Tajikistan,TJK,0.005172615,1.34E+11,1.36E+11,1.36E+11,1.40E+11,1.44E+11,1.49E+11,1.49E+11,1.39E+11,1.34E+11,1.29E+11,1.35E+11,1.31E+11,1.31E+11,1.43E+11,1.44E+11,1.45E+11,1.46E+11,1.46E+11,1.47E+11,1.48E+11,1.49E+11,1.49E+11,1.50E+11,1.51E+11,1.52E+11,1.53E+11,1.53E+11,1.54E+11,1.55E+11,1.56E+11,1.57E+11
Turkmenistan,TKM,0.005578193,1401659735,1417626572,1437999402,1393389977,1382948200,1418970664,1683037319,1635828524,1684608925,1616488589,1637866392,1606629053,1409669653,1506775682,1515180767,1523632738,1532131855,1540678381,1549272582,1557914723,1566605072,1575343897,1584131468,1592968059,1601853942,1610789392,1619774685,1628810101,1637895917,1647032416,1656219880
Latin America & the Caribbean (IDA & IBRD countries),TLA,0.026793597,1.64E+13,1.63E+13,1.70E+13,1.77E+13,1.84E+13,1.93E+13,2.02E+13,2.07E+13,2.12E+13,2.17E+13,2.22E+13,2.23E+13,2.27E+13,2.32E+13,2.38E+13,2.45E+13,2.51E+13,2.58E+13,2.65E+13,2.72E+13,2.79E+13,2.87E+13,2.94E+13,3.02E+13,3.10E+13,3.19E+13,3.27E+13,3.36E+13,3.45E+13,3.54E+13,3.64E+13
Timor-Leste,TLS,0,0,0,0,0,2554157654,2529165421,2472282845,2554588615,0,0,0,0,0,0,0,0,0,0,0,0,0,0,0,0,0,0,0,0,0,0,0
Middle East & North Africa (IDA & IBRD countries),TMN,0.033253614,8.11E+11,8.85E+11,8.87E+11,9.56E+11,1.13E+12,1.31E+12,1.29E+12,1.27E+12,1.16E+12,1.18E+12,1.19E+12,1.17E+12,1.20E+12,1.24E+12,1.28E+12,1.32E+12,1.37E+12,1.41E+12,1.46E+12,1.51E+12,1.56E+12,1.61E+12,1.66E+12,1.72E+12,1.78E+12,1.84E+12,1.90E+12,1.96E+12,2.03E+12,2.09E+12,2.16E+12
Tonga,TON,0,0,0,0,0,122470205.8,123712794.5,106413298.1,125906398.3,0,0,0,0,0,0,0,0,0,0,0,0,0,0,0,0,0,0,0,0,0,0,0
South Asia (IDA & IBRD),TSA,0.021031577,2.90E+13,2.96E+13,2.99E+13,3.06E+13,3.17E+13,3.21E+13,3.23E+13,3.31E+13,3.36E+13,3.55E+13,3.63E+13,3.71E+13,3.79E+13,3.80E+13,3.88E+13,3.96E+13,4.05E+13,4.13E+13,4.22E+13,4.31E+13,4.40E+13,4.49E+13,4.58E+13,4.68E+13,4.78E+13,4.88E+13,4.98E+13,5.09E+13,5.19E+13,5.30E+13,5.41E+13
Sub-Saharan Africa (IDA & IBRD countries),TSS,0.024640344,3.18E+13,3.28E+13,3.31E+13,3.42E+13,3.57E+13,3.63E+13,3.69E+13,3.83E+13,4.03E+13,4.06E+13,4.21E+13,4.30E+13,4.33E+13,4.36E+13,4.47E+13,4.58E+13,4.69E+13,4.81E+13,4.93E+13,5.05E+13,5.17E+13,5.30E+13,5.43E+13,5.56E+13,5.70E+13,5.84E+13,5.98E+13,6.13E+13,6.28E+13,6.44E+13,6.60E+13
Trinidad and Tobago,TTO,-0.003866791,7490615965,7756409583,8229637775,7977569890,8457100604,8767215996,9809110824,8516666885,8580898930,9134037915,7569088476,7429417101,7113894072,7122688936,7095146988,7067711540,7040382179,7013158494,6986040078,6959026524,6932117425,6905312377,6878610980,6852012831,6825517531,6799124683,6772833891,6746644760,6720556897,6694569910,6668683409
Tunisia,TUN,0.021466984,1.04E+11,1.10E+11,1.14E+11,1.13E+11,1.18E+11,1.18E+11,1.25E+11,1.29E+11,1.38E+11,1.47E+11,1.30E+11,1.30E+11,1.33E+11,1.37E+11,1.40E+11,1.43E+11,1.46E+11,1.49E+11,1.52E+11,1.56E+11,1.59E+11,1.62E+11,1.66E+11,1.70E+11,1.73E+11,1.77E+11,1.81E+11,1.85E+11,1.89E+11,1.93E+11,1.97E+11
Turkey,TUR,0.0159469,1.31E+12,1.27E+12,1.30E+12,1.27E+12,1.35E+12,1.29E+12,1.33E+12,1.25E+12,1.24E+12,1.28E+12,1.52E+12,1.44E+12,1.54E+12,1.61E+12,1.64E+12,1.67E+12,1.69E+12,1.72E+12,1.75E+12,1.77E+12,1.80E+12,1.83E+12,1.86E+12,1.89E+12,1.92E+12,1.95E+12,1.98E+12,2.01E+12,2.05E+12,2.08E+12,2.11E+12
Tuvalu,TUV,0,0,0,0,0,0,0,0,0,0,0,0,0,0,0,0,0,0,0,0,0,0,0,0,0,0,0,0,0,0,0,0
Tanzania,TZA,0.036697254,1.26E+12,1.32E+12,1.38E+12,1.43E+12,1.50E+12,1.55E+12,1.60E+12,1.66E+12,1.71E+12,1.77E+12,1.83E+12,1.90E+12,1.97E+12,2.02E+12,2.09E+12,2.17E+12,2.25E+12,2.33E+12,2.41E+12,2.50E+12,2.59E+12,2.69E+12,2.79E+12,2.89E+12,3.00E+12,3.11E+12,3.22E+12,3.34E+12,3.46E+12,3.59E+12,3.72E+12
Uganda,UGA,0,0,0,0,0,0,0,0,0,0,0,0,0,0,0,0,0,0,0,0,0,0,0,0,0,0,0,0,0,0,0,0
Ukraine,UKR,0.070141157,1.68E+11,1.65E+11,1.40E+11,1.43E+11,1.73E+11,1.81E+11,2.41E+11,3.33E+11,3.67E+11,3.39E+11,3.82E+11,3.47E+11,3.50E+11,4.05E+11,4.34E+11,4.64E+11,4.96E+11,5.31E+11,5.69E+11,6.08E+11,6.51E+11,6.97E+11,7.46E+11,7.98E+11,8.54E+11,9.14E+11,9.78E+11,1.05E+12,1.12E+12,1.20E+12,1.28E+12
Upper middle income,UMC,0.014238937,5.80E+13,5.76E+13,5.88E+13,6.01E+13,6.02E+13,5.98E+13,6.13E+13,6.17E+13,6.21E+13,6.33E+13,6.55E+13,6.51E+13,6.75E+13,6.98E+13,7.08E+13,7.18E+13,7.28E+13,7.38E+13,7.49E+13,7.59E+13,7.70E+13,7.81E+13,7.92E+13,8.04E+13,8.15E+13,8.27E+13,8.38E+13,8.50E+13,8.62E+13,8.75E+13,8.87E+13
Uruguay,URY,0.054506448,1.20E+11,1.13E+11,1.10E+11,1.11E+11,1.13E+11,1.22E+11,1.20E+11,1.37E+11,1.83E+11,1.84E+11,2.18E+11,2.19E+11,2.22E+11,2.39E+11,2.52E+11,2.65E+11,2.80E+11,2.95E+11,3.11E+11,3.28E+11,3.46E+11,3.65E+11,3.85E+11,4.06E+11,4.28E+11,4.51E+11,4.76E+11,5.02E+11,5.29E+11,5.58E+11,5.88E+11
United States,USA,0.037119321,1.23E+13,1.04E+13,1.09E+13,1.20E+13,1.26E+13,1.35E+13,1.47E+13,1.47E+13,1.56E+13,1.59E+13,1.65E+13,1.83E+13,1.88E+13,1.98E+13,2.06E+13,2.13E+13,2.21E+13,2.29E+13,2.38E+13,2.47E+13,2.56E+13,2.65E+13,2.75E+13,2.85E+13,2.96E+13,3.07E+13,3.18E+13,3.30E+13,3.42E+13,3.55E+13,3.68E+13
Uzbekistan,UZB,0.023151689,36121512123,39640919688,53711531004,72581577366,52690795882,75656148807,40977523841,42896574663,39322421310,54523005165,57965966035,45018687653,63406485736,48639180846,49765260017,50917409821,52096233840,53302349625,54536389027,55798998525,57090839566,58412588907,59764938978,61148598237,62564291544,64012760542,65494764043,67011078427,68562498050,70149835658,71773922811
St. Vincent and the Grenadines,VCT,0,0,0,0,0,386489387.5,389330314.2,370537986.8,329860987.7,0,0,0,0,0,0,0,0,0,0,0,0,0,0,0,0,0,0,0,0,0,0,0
"Venezuela, RB",VEN,0.022826286,7.84E+11,7.45E+11,7.39E+11,7.10E+11,8.26E+11,8.01E+11,9.78E+11,9.65E+11,1.06E+12,1.05E+12,9.98E+11,9.92E+11,1.00E+12,1.05E+12,1.08E+12,1.10E+12,1.12E+12,1.15E+12,1.18E+12,1.20E+12,1.23E+12,1.26E+12,1.29E+12,1.32E+12,1.35E+12,1.38E+12,1.41E+12,1.44E+12,1.47E+12,1.51E+12,1.54E+12
British Virgin Islands,VGB,0,0,0,0,0,0,0,0,0,0,0,0,0,0,0,0,0,0,0,0,0,0,0,0,0,0,0,0,0,0,0,0
Virgin Islands (U.S.),VIR,0,0,0,0,0,0,0,0,0,0,0,0,0,0,0,0,0,0,0,0,0,0,0,0,0,0,0,0,0,0,0,0
Vietnam,VNM,0.02366941,1.67E+12,1.73E+12,1.75E+12,1.79E+12,1.79E+12,1.83E+12,1.88E+12,1.92E+12,1.92E+12,1.97E+12,2.05E+12,2.15E+12,2.28E+12,2.26E+12,2.31E+12,2.37E+12,2.42E+12,2.48E+12,2.54E+12,2.60E+12,2.66E+12,2.72E+12,2.79E+12,2.85E+12,2.92E+12,2.99E+12,3.06E+12,3.13E+12,3.21E+12,3.28E+12,3.36E+12
Vanuatu,VUT,0,0,0,0,0,1921763992,1927908096,1976377125,1478939056,0,0,0,0,0,0,0,0,0,0,0,0,0,0,0,0,0,0,0,0,0,0,0
World,WLD,0.022137076,1.79E+14,1.78E+14,1.82E+14,1.86E+14,1.91E+14,1.95E+14,2.00E+14,2.04E+14,2.10E+14,2.15E+14,2.23E+14,2.25E+14,2.32E+14,2.38E+14,2.43E+14,2.48E+14,2.54E+14,2.59E+14,2.65E+14,2.71E+14,2.77E+14,2.83E+14,2.89E+14,2.96E+14,3.02E+14,3.09E+14,3.16E+14,3.23E+14,3.30E+14,3.37E+14,3.45E+14
Samoa,WSM,0,0,0,0,0,2733852905,2786975018,2619788441,2504265892,0,0,0,0,0,0,0,0,0,0,0,0,0,0,0,0,0,0,0,0,0,0,0
Kosovo,XKX,0.009242339,43719966107,45519990209,45668880138,47501864531,48391537611,44596649284,43552515505,43359249535,45554232395,50935403566,52206842688,49859479149,49412067502,49274339875,49729750024,50189369228,50653236389,51121390767,51593871986,52070720037,52551975279,53037678446,53527870645,54022593367,54521888484,55025798256,55534365333,56047632759,56565643976,57088442829,57616073566
"Yemen, Rep.",YEM,0.027930841,5464971047,5635455833,5513587231,5346817865,5737571134,5991220310,6676257935,6563755041,6666103958,7085318079,7664751608,7643108263,8086096176,7818411366,8036786169,8261260364,8492004311,8729193131,8973006834,9223630459,9481254213,9746073615,10018289645,10298108897,10585743737,10881412460,11185339458,11497755393,11818897368,12149009108,12488341147
South Africa,ZAF,-0.019790828,1.77E+12,1.75E+12,1.53E+12,1.54E+12,1.58E+12,1.41E+12,1.37E+12,1.41E+12,1.70E+12,1.58E+12,1.67E+12,1.61E+12,1.48E+12,1.37E+12,1.34E+12,1.31E+12,1.29E+12,1.26E+12,1.24E+12,1.21E+12,1.19E+12,1.16E+12,1.14E+12,1.12E+12,1.10E+12,1.08E+12,1.05E+12,1.03E+12,1.01E+12,9.93E+11,9.73E+11
Zambia,ZMB,0.03077028,5.62E+11,5.79E+11,5.98E+11,6.16E+11,6.35E+11,6.53E+11,6.74E+11,6.81E+11,6.99E+11,7.13E+11,7.39E+11,7.71E+11,7.89E+11,8.33E+11,8.59E+11,8.85E+11,9.13E+11,9.41E+11,9.70E+11,1.00E+12,1.03E+12,1.06E+12,1.09E+12,1.13E+12,1.16E+12,1.20E+12,1.24E+12,1.27E+12,1.31E+12,1.35E+12,1.40E+12
Zimbabwe,ZWE,0.019852909,6.93E+11,7.14E+11,7.29E+11,7.30E+11,7.48E+11,7.71E+11,7.74E+11,7.54E+11,7.36E+11,7.52E+11,7.76E+11,8.15E+11,8.41E+11,8.95E+11,9.13E+11,9.31E+11,9.49E+11,9.68E+11,9.87E+11,1.01E+12,1.03E+12,1.05E+12,1.07E+12,1.09E+12,1.11E+12,1.13E+12,1.16E+12,1.18E+12,1.20E+12,1.23E+12,1.25E+12
